54aeb5b163316300127e0000,,"{'title': 'Final Answer (JSON DECODING ERROR)', 'content': 'Here is the final answer in JSON format:\n\n```\n{\n  ""title"": ""Final Answer"",\n  ""content"": ""After analyzing the headlines and considering their structure, tone, emotional appeal, unique selling points, and similarities, I have determined that Headline ID: 4 is the most effective at getting readers to click on the article."",\n  ""next_action"": ""final_answer""\n}\n```\n\n**Headline ID:** 4\n**Explanation:** Headline ID: 4 uses an attention-grabbing phrase \'An Arrow To My Heart\', which implies a deep personal connection with the content and triggers strong emotions. This headline has the most potential to entice readers to click on the article.'}",2
54dfe3953063630028000000,,"{'title': 'Final Answer (JSON DECODING ERROR)', 'content': 'Here is the final response:\n\n{\n  ""title"": ""Final Answer"",\n  ""content"": ""Headline ID: 1\\nExplanation: This headline offers an interesting narrative while providing some context about what was happening. It might grab readers\' attention by mentioning a situation that could have gone differently (the dog being killed), and it does so in a way that seems less sensitive or confusing compared to another option."",\n  ""next_action"": """"\n}'}",3
54f61445663432000c200100,False,"{'title': 'Final Answer (JSON DECODING ERROR)', 'content': 'Here is the final answer:\n\nHeadline ID: 3\nExplanation: I chose this headline because it maintains relevance to the article while also conveying a sense of courage and determination, making it attention-grabbing and likely to entice readers to click on the article.\n\nThe final answer is: 3'}",0
55243cca346531001c9e0000,,"{'title': 'Final Answer (JSON DECODING ERROR)', 'content': '{\n""title"": ""Final Answer"",\n""content"": ""Headline ID: 1,\nExplanation: Headline option 1 (\\""If you saw him perform in the 90s, you probably won\'t be surprised to hear what he\'s saying to kids today.\\"") stands out for its unique perspective and ability to accurately represent the content of the article. It offers a subtle yet effective insight that entices readers to click on the article, and its tone is both informative and engaging."",\n""next_action"": ""final_answer""\n}'}",2
5526ca16646532001cfc0000,,"{'title': 'Final Answer (JSON DECODING ERROR)', 'content': 'Here is the final answer:\n\n```\n{\n  ""title"": ""Final Answer"",\n  ""content"": ""Headline ID: 3\\nThe headline \'And it united a neighborhood. It started with extras from her pantry for the neighborhood kids. Then it spread like wildfire. It takes a village. And a neighborhood.\' is most effective at getting readers to click on the article because it effectively conveys the story\'s themes of community and neighborhood unity, while also incorporating emotional language and concise summary."",\n  ""next_action"": null\n}\n```'}",1
552c3316626562000c4b0100,False,"{'title': 'Final Answer (JSON DECODING ERROR)', 'content': ""Here's the final response:\n\n\nHeadline ID: 3\nExplanation: After analyzing each headline for engagement, accuracy, and their combination, I concluded that Headline ID: 3 is the most effective at getting readers to click on the article. Although it might not directly address climate change or provide a clear hint towards its relevance, it asks an interesting and thought-provoking question that can evoke curiosity and empathy from potential readers. The simplicity of the headline, combined with its ability to spark curiosity and intrigue, makes ID: 3 stand out as the most effective option among the given choices.\n\nThis decision was reached after considering several factors:\n\n1. **Emotional Triggers**: Headline ID: 3 has a question that can evoke emotions such as curiosity and empathy in potential readers.\n2. **Accuracy Representation**: While it doesn't directly address climate change, the question ties back to the article's main theme of helping people through tough discussions related to climate change.\n3. **Balance Between Engagement and Accuracy**: ID: 3 strikes a good balance between grabbing attention with its intriguing question and providing an accurate representation of the article's content.\n\nBased on these considerations, I am now ready to conclude that Headline ID: 3 is the most effective option for enticing readers to click on the article.""}",0
51655f47e8f2ae00020059ac,,"{'title': 'Final Answer (JSON DECODING ERROR)', 'content': '```json\n{\n    ""title"": ""Final Answer"",\n    ""content"": ""Based on my step-by-step analysis, the most effective headline for getting readers to click on the article is Headline ID: 3."",\n    ""next_action"": ""final_answer""\n}\n```'}",0
54db8fd9366238000cbe0000,,"{'title': 'Final Answer (JSON DECODING ERROR)', 'content': 'Here\'s my response:\n\n```json\n{\n  ""title"": ""Final Answer"",\n  ""content"": ""Based on my analysis, the most effective headline is ID: 4."",\n  ""next_action"": ""final_answer""\n}\n```\n\nHEADLINE ID: 4\nEXPLANATION: This headline is the most effective because it poses an intriguing question that sparks curiosity and encourages readers to click on the article. The use of ""One missing word"" creates a sense of mystery, making it more likely for people to read the article to find out what\'s different between Chapel Hill and Paris.'}",2
533ad7f9782bd79b4800003f,,"{'title': 'Final Answer (JSON DECODING ERROR)', 'content': '```json\n{\n  ""title"": ""Final Answer"",\n  ""content"": ""Based on my analysis, Headline ID: 1 is the most effective at getting readers to click on the article because it uses a clear topic (\'Freeloaders\'), an interesting anecdote (the kid who tries to get out of paying his own way), and a sense of familiarity with the reader, making them more likely to click."",\n  ""next_action"": null\n}\n```'}",0
5345cd2a1ab01221a3000040,,"{'title': 'Final Answer (JSON DECODING ERROR)', 'content': 'Here is the final answer:\n\nHeadline ID: **2**\nExplanation: This headline effectively combines clarity (discussing discrimination), relevance (in the context of affirmative action mentioned in the article), and an element that sparks curiosity (\\""It\'d be cheating if these things happened in a marathon...\\""). The contrast between what would be considered cheating in a marathon setting and its real-life implications about discrimination makes it attention-grabbing, entice readers to click on the article.'}",2
534de995fcf40f3c9800006a,,"{'title': 'Final Answer (JSON DECODING ERROR)', 'content': 'Here is the final answer in JSON format:\n\n```json\n{\n    ""title"": ""Final Answer"",\n    ""content"": ""Headline ID: 3,\nExplanation: This headline stands out because it accurately represents the content of the article while also being attention-grabbing. The use of rhetorical devices, such as asking a question and using action verbs (e.g., \\""Do You Know\\""), makes this headline more engaging than the others. Additionally, this headline\'s focus on what people are paying for rather than just how much time they spend at work provides a fresh perspective, making it more likely to entice readers to click on the article."",\n    ""next_action"": ""final_answer""\n}\n```'}",1
53caa3a795d97d87cf00000a,,"{'title': 'Final Answer (JSON DECODING ERROR)', 'content': 'Here is the final answer:\n\n**Headline ID:** 2\n**Explanation:** This headline stands out for its clarity, relevance, and concise message. It accurately represents the content of the article, entices readers with a sense of intrigue, and invites them to engage by sharing information about climate change. The simplicity and conciseness of this headline make it more likely to grab attention.\n\nI hope this is what you were looking for!'}",1
542c7d93615409973e000072,,"{'title': 'Final Answer (JSON DECODING ERROR)', 'content': 'Here is the final answer:\n\n```\n{\n  ""title"": ""Final Answer"",\n  ""content"": ""HEADLINE ID: 2\\nEXPLANATION: Based on my analysis, I believe the most effective headline at getting readers to click on the article is option 7: \'These Shocking Photos Are The Evidence A Global Catastrophe In Action. I Hope It\'s Not Too Late.\' This headline stands out from the others due to its slightly different tone and word choice."",\n  ""next_action"": ""final_answer""\n}\n```\n\nSo, the final answer is:\nHEADLINE ID: 2\nEXPLANATION: Based on my analysis, I believe the most effective headline at getting readers to click on the article is option 7: \'These Shocking Photos Are The Evidence A Global Catastrophe In Action. I Hope It\'s Not Too Late.\' This headline stands out from the others due to its slightly different tone and word choice.'}",3
5424287c996e90efa6000036,,"{'title': 'Final Answer (JSON DECODING ERROR)', 'content': 'Here\'s the final answer in JSON format as requested:\n\n```json\n{\n  ""title"": ""Final Answer"",\n  ""content"": ""After analyzing each headline, I have determined that Headline ID: 7 is the most effective at getting readers to click on the article."",\n  ""next_action"": ""final_answer""\n}\n```\n\nSo, my final answer is:\n\n**Headline ID: 7**\n**Explanation:** The headline ""Move Over, Leo. *This* Powerful Speaker Had UN Leaders In Tears Following Her Speech"" stands out because it specifically mentions a powerful speaker and has a catchy tone that could entice readers to click on the article.'}",3
541340b6e1fd526675000005,,"{'title': 'Final Answer (JSON DECODING ERROR)', 'content': 'Here is the final answer in JSON format:\n\n```json\n{\n  ""title"": ""Final Answer"",\n  ""content"": ""The most effective headline for getting readers to click on the article would be **HEADLINE ID: 3**, \\""Now I know why conspiracy theories are the lazy way out.\\""."",\n  ""next_action"": ""final_answer""\n}\n```\n\nHEADLINE ID: 3\nExplanation: The most effective headline would be **ID: 3** (\\""Now I know why conspiracy theories are the lazy way out.\\"") because it effectively grabs attention by making a surprising statement, accurately represents the content of the article (which is about science and critical thinking), and appeals to emotions such as curiosity and interest.'}",1
535dcd2f786e4fdd5100002a,,"{'title': 'Final Answer (JSON DECODING ERROR)', 'content': 'Here is the final answer:\n\n**Headline ID:** 2\n**Explanation:** I chose headline ID 2 because it is highly engaging, attention-grabbing, and accurately represents the content of the article. The question format raises curiosity, and the implication that the content will be humorous makes it more likely to entice readers to click on the article.\n\nSo, the final answer is:\n\n**Headline ID:** 2'}",1
5370f27590e652ad9300003d,,"{'title': 'Final Answer (JSON DECODING ERROR)', 'content': 'Here\'s the final response in JSON format:\n\n```json\n{\n    ""title"": ""Final Answer"",\n    ""content"": ""Based on the analysis of surprise and informative factors, I recommend choosing Headline ID: 2 as the most effective headline to entice readers to click on the article. This headline strikes a balance between being surprising (the CEO was mistaken for kitchen help) while also conveying that the article is about something positive and uplifting that the CEO turned into an opportunity."",\n    ""next_action"": null\n}\n```\n\nSo, the final answer is:\n\nHeadline ID: 2\n\nExplanation: This headline has a good balance of surprise and informative content, making it the most effective at getting readers to click on the article.'}",1
5282632083121c4e7e00961f,,"{'title': 'Final Answer (JSON DECODING ERROR)', 'content': 'Here is the final answer in JSON format:\n\n```\n{\n  ""title"": ""Final Answer"",\n  ""content"": ""Based on our analysis, Headline ID 3 stands out as the most effective at getting readers to click on the article due to its clarity, conciseness, and ability to accurately represent the content of the article without being too promotional."",\n  ""next_action"": null\n}\n```\n\nSo, the final answer is:\n\n**Headline ID: 3**\n\nExplanation: The headline effectively balances attention-grabbing with informative content, clearly stating the problem and offering a message of hope without appearing too promotional.'}",0
53c8ac28785a663425000013,,"{'title': 'Final Answer (JSON DECODING ERROR)', 'content': 'Here is the final answer:\n\n**Headline ID:** 3\n**Explanation:** The headline ""The dark circles under her eyes aren\'t from \'partying hard\'."" is the most effective at getting readers to click on the article because it creates a sense of curiosity and intrigue, informs readers about the article\'s content, and entices them to click on the article.\n\nI hope this meets your requirements!'}",2
53f776d915ec7dfcf3000024,,"{'title': 'Final Answer (JSON DECODING ERROR)', 'content': 'Here is the final answer:\n\n{\n  ""title"": ""Final Answer"",\n  ""content"": ""Headline ID: 2\\nExplanation: I chose this headline because it seems to strike a balance between being concise and informative while also conveying the gravity of the situation in an engaging manner, which makes it more likely to entice readers to click on the article."",\n  ""next_action"": ""final_answer""\n}'}",1
540a3fb82f301bd98a000028,,"{'title': 'Final Answer (JSON DECODING ERROR)', 'content': 'Here is the final answer:\n\n```json\n{\n    ""title"": ""Final Decision"",\n    ""content"": ""Based on our analysis, I recommend choosing Headline ID: **4**."",\n    ""next_action"": ""final_answer""\n}\n```\n\nHeadline ID: 4\nExplanation: The headline accurately represents the content of the article and includes attention-grabbing elements.'}",0
53e3d1071f6df67d36000015,,"{'title': 'Final Answer (JSON DECODING ERROR)', 'content': 'Here is the final JSON response:\n\n```json\n{\n    ""title"": ""Final Answer"",\n    ""content"": ""The ID of the most effective headline at getting readers to click on the article is: 2"",\n    ""next_action"": ""final_answer""\n}\n```\n\nTherefore, the answer is:\nHeadline ID: **2**\nExplanation: This headline (ID: 2) stands out due to its provocative tone and unexpected twist (""She Punks Them""), making it more likely to entice readers to click on the article.'}",3
5491e66f30613405f8060000,,"{'title': 'Final Answer (JSON DECODING ERROR)', 'content': '```json\n{\n  ""title"": ""Final Answer"",\n  ""content"": ""Based on my analysis, the most effective headline would be **ID: 1**. This is because it not only provides key information but also introduces an interesting aspect (\'If it\'s this hard to get them to work, something about them needs to change.\') that likely sparks readers\' curiosity."",\n  ""next_action"": ""final_answer""\n}\n```'}",0
5499745436316300159a0000,,"{'title': 'Final Answer (JSON DECODING ERROR)', 'content': 'Here is the final answer:\n\n**Headline ID: 5**\n**Explanation:** I chose this headline because it creates a sense of curiosity and personal reflection in readers, making them more likely to click on the article. It also accurately represents the content of the article while being attention-grabbing. The use of ""Myself included"" makes the reader wonder about their own beliefs and behaviors, which is a powerful hook to entice them to read further.\n\nFinal Answer:\n```json\n{\n  ""title"": ""Selecting the Most Effective Headline"",\n  ""content"": ""Based on our analysis, we have determined that ID 5 is the most effective headline for this article. It creates a sense of curiosity and personal reflection in readers, making them more likely to click on the article."",\n  ""next_action"": ""final_answer""\n}\n```\nFinal Answer: **5**'}",5
549b080638616500180f0000,,"{'title': 'Final Answer (JSON DECODING ERROR)', 'content': 'Here is the final answer:\n\n{\n  ""title"": ""Final Answer"",\n  ""content"": ""HEADLINE ID: 0"",\n  ""next_action"": null\n}'}",2
530f765b7d78947c5400001e,,"{'title': 'Final Answer (JSON DECODING ERROR)', 'content': 'Here is the final answer:\n\n{\n  ""title"": ""Selecting the Headline"",\n  ""content"": ""After a thorough analysis, the headline that I believe would be most effective at getting readers to click on the article is ID: **0**."",\n  ""next_action"": ""final_answer""\n}'}",3
53250a48ea5740c5d4000007,,"{'title': 'Final Answer (JSON DECODING ERROR)', 'content': '```json\n{\n  ""title"": ""Final Decision"",\n  ""content"": ""After thorough analysis, I conclude that headline ID: 3 \'She Saw A Major Problem In Her Community And Did Something No One Else Knew How To Do\' would be the most effective at getting readers to click on the article."",\n  ""next_action"": ""final_answer""\n}\n```'}",0
5329c6bc5696642620000049,,"{'title': 'Final Answer (JSON DECODING ERROR)', 'content': 'Here is the final answer in JSON format:\n\n```json\n{\n  ""title"": ""Final Answer"",\n  ""content"": ""Headline ID: 0"",\n  ""next_action"": ""final_answer""\n}\n```\n\nThis means that I have completed my analysis and recommend choosing Headline ID: 0 as the most effective headline for getting readers to click on the article.'}",1
5162f6f0f62aaf0002000efb,,"{'title': 'Final Answer (JSON DECODING ERROR)', 'content': '```json\n{\n  ""title"": ""Final Answer"",\n  ""content"": ""Headline ID: 0\\nExplanation: Headline 0 (\'See the surprising reasons she\'s speaking out. What Does Feminism Have To Do With Being A Firefighter?\') is most effective at getting readers to click on the article because it accurately represents the content and raises an intriguing question, making it attention-grabbing."",\n  ""next_action"": null\n}\n```'}",3
51436087220cb800020009a9,,"{'title': 'Final Answer (JSON DECODING ERROR)', 'content': 'Here is the final JSON response:\n\n```json\n{\n  ""title"": ""Selecting the Most Effective Headline"",\n  ""content"": ""After careful consideration, I believe that Headline ID: 3 (\'Can you believe none of these people planned on being here today? One Of The Most Unique Attempts At Suicide Prevention Is Also Totally Beautiful\') is the most effective. This headline effectively balances attention-grabbing potential and informative value while evoking a sense of curiosity and emotional resonance."",\n  ""next_action"": ""final_answer""\n}\n```\n\nSo, the final answer is:\n\n**Headline ID: 3**\n\nExplanation: Headline ID 3 stands out as the most effective option because it masterfully combines unexpected twists with emotional resonance, making it both informative and attention-grabbing.'}",3
54b54cbf626266628d120000,,"{'title': 'Final Answer (JSON DECODING ERROR)', 'content': 'Here is the JSON response with the final answer:\n\n\n```json\n{\n  ""title"": ""Final Answer"",\n  ""content"": ""After analyzing each headline and considering their effectiveness in grabbing readers\' attention, I have determined that Headline ID: 3 will be the most effective at getting readers to click on the article."",\n  ""next_action"": ""final_answer""\n}\n```\n\nSo, the final answer is:\n\n\nHeadline ID: 3\nExplanation: This headline stands out due to its ability to evoke an emotional response in readers, which can make it more engaging and attention-grabbing than the other options.'}",0
5410c4575856e96e0500005f,,"{'title': 'Final Answer (JSON DECODING ERROR)', 'content': 'Here\'s the final answer in JSON format:\n\n```json\n{\n  ""title"": ""Final Answer"",\n  ""content"": ""Headline ID: 4"",\n  ""next_action"": """"\n}\n```\n\nIn other words, the most effective headline for getting readers to click on the article is:\n\n**Headline ID: 4**\n**This Video Is Broken On Purpose. Can You Guess Why?**\n\nExplanation: This headline effectively piques curiosity and encourages engagement with the content by inviting the reader to guess why the video is broken on purpose.'}",0
54170c67f0fde2e1b2000063,False,"{'title': 'Final Answer', 'content': ""Headline ID: 3\nExplanation: Headline ID: 3 ('Stop worrying and just be in the moment.') is the most effective at getting readers to click on the article because it's short, concise, encourages a clear action (letting go of worries), and aligns with the self-acceptance theme mentioned in the article."", 'next_action': 'none'}",2
543d5ae5dd6e021068000030,,"{'title': 'Final Answer (JSON DECODING ERROR)', 'content': 'Here is my response in JSON format with \'title\', \'content\', and \'next_action\' keys:\n\n{\n  ""title"": ""Final Headline Selection"",\n  ""content"": ""Based on my analysis, I have determined that Headline ID: 4 is the most effective at getting readers to click on the article. This headline stands out because it includes a clear call-to-action (\'We have to be able to say we did all that we could. Or else...\') that resonates with readers on an emotional level and hints at the potential consequences of not taking action."",\n  ""next_action"": ""final_answer""\n}'}",2
5446e3190b628c329e00001b,,"{'title': 'Final Answer (JSON DECODING ERROR)', 'content': '```json\n{\n  ""title"": ""Final Answer"",\n  ""content"": ""After a thorough analysis of the requirements for an effective headline and evaluating each option, I recommend choosing Headline ID: 0"",\n  ""next_action"": ""final_answer""\n}\n```\n\nHeadline ID: **0**'}",0
5443291ef6da8d937800000f,,"{'title': 'Final Answer (JSON DECODING ERROR)', 'content': 'Here is the final response in JSON format:\n\n```json\n{\n    ""title"": ""Final Answer"",\n    ""content"": ""Headline ID: 5\\nExplanation: I chose this headline because it uses a balanced approach to convey the main topic of the article while also using an emotional trigger (\'something like what you might see on a forensics TV show\') to entice readers without revealing too much information."",\n    ""next_action"": ""final_answer""\n}\n```\n\nThis means that the most effective headline for getting readers to click on the article is Headline ID: 5.'}",1
514785988367b00002000a91,,"{'title': 'Final Answer (JSON DECODING ERROR)', 'content': 'Here is the final answer:\n\n**Headline ID:** 1\n**Explanation:** Based on the careful evaluation of each option against the criteria for an engaging yet informative headline that accurately represents the content while enticing readers to click, without causing additional distress or harm to survivors.\n\nThis response corresponds with my reasoning step: **Title: Final Headline Selection**, where I concluded that ID: 1 presents a strong case for being both attention-grabbing and informative without causing further distress.'}",1
5171cc40a507ae0002002eae,,"{'title': 'Final Answer (JSON DECODING ERROR)', 'content': '```json\n{\n  ""title"": ""Final Answer"",\n  ""content"": ""Headline ID: 3"",\n  ""Explanation"": ""I chose this headline because it accurately represents the content of the article, is engaging and informative, and has a warm tone that will entice readers."",\n  ""next_action"": ""final_answer""\n}\n```'}",2
51993e49b13c120018001ec4,,"{'title': 'Final Answer (JSON DECODING ERROR)', 'content': 'Here is the final answer:\n\n{\n  ""title"": ""Final Answer"",\n  ""content"": ""Headline ID: **3**"",\n  ""next_action"": ""none""\n}'}",1
51c07617d0b04ebd53006324,,"{'title': 'Final Answer (JSON DECODING ERROR)', 'content': 'Here is the final answer:\n\n```json\n{\n  ""title"": ""Final Answer"",\n  ""content"": ""Headline ID: 3\\nExplanation: This headline is the most effective at getting readers to click on the article because it balances engagement (sparking curiosity), accuracy of representation (hinting at an engaging narrative), and attention-grabbing quality (using a vivid phrase to build anticipation)."",\n  ""next_action"": null\n}\n```'}",1
5216bcaa2f61d46eb4002fa2,True,"{'title': 'Final Answer (JSON DECODING ERROR)', 'content': ""Here is my response with the title and content rewritten to conform to the requested format:\n\nHeadline ID: 1\nExplanation: After analyzing the requirements for an effective headline and evaluating each option against these criteria, we find that Headline ID: 1 stands out as the most effective due to its balance of curiosity creation, personal touch, and directness about the content.\n\nNote: I've re-structured my previous response to match your requested format. The key point is still the same - Headline ID: 1 (When He Shows How Much Light He Can Produce From A Plastic Bottle â€“ Yeah, I Didn't Believe It Either) seems to be the most effective choice based on our analysis.""}",1
523779f663703d481200077d,False,"{'title': 'Final Answer (JSON DECODING ERROR)', 'content': ""Here is the final answer:\n\nHEADLINE ID: 3\nExplanation: This headline offers a lighthearted and humorous take on the original headline, while still being informative about the article's content. The use of a rhetorical question like 'Any Chance We Could Swap Out Justin Bieber For This 96-Year-Old Heart-Throb?' adds an element of surprise and curiosity, making it more attention-grabbing and likely to entice readers to click on the article.\n\nI am ready to stop at this point because I have thoroughly analyzed each headline option based on their key characteristics, compared them, and selected the one that best meets our requirements.""}",0
523f9ec8cbc2704574000c80,True,"{'title': 'Final Answer', 'content': 'Headline ID: 3', 'next_action': 'final_answer'}",3
5240a74e4000b6002900bf46,,"{'title': 'Final Answer (JSON DECODING ERROR)', 'content': 'Here is the final answer:\n\n```\n{\n  ""title"": ""Final Answer"",\n  ""content"": ""After thorough analysis of each headline\'s relevance, engagement strategy, emotional impact, and potential bias, I choose Headline ID: 1 as the most effective at getting readers to click on the article."",\n  ""next_action"": ""final_answer""\n}\n```'}",1
5234bc234f5777c1bd004136,,"{'title': 'Final Answer (JSON DECODING ERROR)', 'content': 'Here\'s my final step in determining which headline is most effective:\n\n{\n  ""title"": ""Selecting the Most Effective Headline"",\n  ""content"": ""After analyzing each headline for engagement, accuracy, and potential impact, I conclude that Headline ID: 0 would be the most effective at getting readers to click on the article."",\n  ""next_action"": ""final_answer""\n}\n\nHeadline ID: 0\nExplanation: The headline ""Us little people usually get crushed by the Goliaths of the world. Not this time."" is the most effective because it uses a relatable and engaging metaphor, referencing the classic story of David and Goliath, to make the article\'s content appealing and intriguing. It also hints at an underdog story, which can spark readers\' curiosity and interest in learning more about what happened next. The tone is conversational, yet attention-grabbing, making it likely to entice readers to click on the article.\n\nSo, my final answer is:\n\nHeadline ID: 0'}",2
5272aaa7b3fa72187a001d14,,"{'title': 'Final Answer (JSON DECODING ERROR)', 'content': ""Here is the final answer:\n\nHeadline ID: **3**\nExplanation: The selected headline (ID: 3) effectively entices readers by offering a slightly more detailed description while also providing advice in the form of 'TIP', which might be more engaging than a straightforward question.\n\nThis choice was made after considering the potential impact of each headline on readers' engagement, accuracy, and tone.""}",2
528f7bf942d802fe82002929,,"{'title': 'Final Answer (JSON DECODING ERROR)', 'content': '```\n{\n    ""title"": ""Final Answer"",\n    ""content"": ""Based on my analysis, I conclude that HEADLINE ID: 0 is the most effective headline at getting readers to click on the article."",\n    ""next_action"": ""final_answer""\n}\n```'}",3
52c344bd61c5029d9f000c57,,"{'title': 'Final Answer (JSON DECODING ERROR)', 'content': '```json\n{\n  ""title"": ""Final Answer"",\n  ""content"": ""HEADLINE ID: 0"",\n  ""next_action"": """"\n}\n```\n\nThis Might Be The Single Nerdiest Rap Of All Time is the most effective headline at getting readers to click on the article, as it directly addresses a bold claim that could pique readers\' curiosity and immediately grabs attention.'}",1
52d4d5ca5f44e3370d002b17,True,"{'title': 'Final Answer (JSON DECODING ERROR)', 'content': 'Here is the final answer:\n\nHeadline ID: 3\nExplanation: I chose Headline ID: 3 because it effectively uses attention-grabbing strategies, such as the use of a provocative phrase (""Even the name screams \'don\'t talk about it.\'"") that resonates with readers. Additionally, the headline accurately represents the content of the article by mentioning Russell Brand\'s candid discussion on American drone strikes.\n\nThe other options either repeat similar phrases (ID: 0 and ID: 1) or use a more sensationalized tone (ID: 2). While they might grab attention initially, they don\'t provide as clear an understanding of what readers can expect from the article.'}",3
52d766a4b487053472000ceb,,"{'title': 'Final Answer (JSON DECODING ERROR)', 'content': '```\n{\n  ""title"": ""Final Answer"",\n  ""content"": ""HEADLINE ID: 0\\nExplanation: This headline stands out because it directly addresses a potential question readers might have about the topic, balances engagement with accuracy."",\n  ""next_action"": ""final_answer""\n}\n```'}",2
