54aeb5b163316300127e0000,False,"Headline ID: 3
Explanation: I chose this headline because it's concise and directly addresses the content of the article (i.e., a year-end recap video). The use of the word ""Kleenex-worthy"" is also a clever reference that implies the video is emotionally impactful, which will likely grab the reader's attention. Additionally, the phrase ""The Only Way To Describe This..."" creates a sense of curiosity and encourages readers to click on the article to find out more.",2
54dfe3953063630028000000,False,"Headline ID: 1
Explanation: I chose this headline because it adds a bit of humor and irony to the story, making it more engaging and attention-grabbing for readers. The addition of ""They were going to kill this doggie. Instead they sent her to prison"" is what makes this headline stand out from the others, as it hints at the unexpected twist in the story. This will likely pique the reader's curiosity and encourage them to click on the article to find out more.",3
54f61445663432000c200100,False,"Headline ID: 3
Explanation: I chose this headline because it adds a sense of intrigue and emphasizes the courage and determination of the person who released the documentary, despite potential censorship. The phrase ""This is what guts looks like"" is attention-grabbing and implies that readers will be inspired by the story, making them more likely to click on the article.",0
55243cca346531001c9e0000,False,"Headline ID: 4
Explanation: This headline effectively grabs attention by adding a touch of personality and humor with the phrase ""Oh my damn!"" which creates an emotional connection with potential readers, making them more likely to click on the article to find out why this person had such a strong reaction.",2
5526ca16646532001cfc0000,False,"Headline ID: 3
Explanation: I chose this headline because it adds a relevant and popular phrase (""It takes a village"") to the existing text, making it more informative and attention-grabbing. The phrase is also a common idiom that implies community and mutual support, which aligns with the content of the article. This headline effectively entices readers to click on the article by piquing their interest in a story about neighborhood unity.",1
552c3316626562000c4b0100,False,"Headline ID: 3
Explanation: I chose this headline because it frames the content of the article in a way that is both thought-provoking and engaging. The use of ""gain an ally"" instead of ""defeat an enemy"" adds a positive spin to the conversation, which is likely to resonate with readers who are interested in finding ways to engage in productive discussions rather than simply winning arguments. This headline effectively conveys the main theme of the article - that changing people's minds is not about being confrontational, but about building relationships and working together towards a common goal.",0
51655f47e8f2ae00020059ac,False,"Headline ID: 3
Explanation: I chose this headline because it is concise, yet informative and attention-grabbing. The phrase ""best kept secrets"" piques the reader's curiosity, and the addition of ""Wow!"" adds an element of excitement. Additionally, the phrase ""most beautiful ski festival you've never heard of"" gives a hint about the article's content without revealing too much, making it appealing to readers who are curious about Afghanistan. The tone is also lighthearted and engaging, which will likely entice readers to click on the article to learn more.",0
54db8fd9366238000cbe0000,False,"Headline ID: 4
Explanation: This headline stands out because it's not just a straightforward report of the incident. It raises an interesting question and invites readers to click on the article to find out why Chapel Hill is being treated differently than Paris. The use of ""One missing word"" adds intrigue and implies that there's more to the story, making readers curious about what the article will reveal.",2
533ad7f9782bd79b4800003f,False,"Headline ID: 1
Explanation: This headline is the most effective at getting readers to click on the article because it asks a question that piques the reader's curiosity. The use of ""Freeloaders"" as the subject also implies that there may be some urgency or importance to this issue, which can entice readers to want to know more.",0
5345cd2a1ab01221a3000040,True,"Headline ID: 2
Explanation: This headline effectively grabs attention and makes a bold claim, piquing the reader's interest in finding out what ""things"" are being referred to. The use of a relatable concept like a marathon creates a sense of familiarity and curiosity, making readers want to click on the article to learn more about the topic.",2
534de995fcf40f3c9800006a,False,"Headline ID: 3
Explanation: This headline is the most effective at getting readers to click on the article because it asks a question and provides some context, piquing the reader's curiosity. The phrase ""Do You Know What You Are Paying For?"" implies that the article will reveal surprising or interesting information about taxes, which is likely to entice readers to click on the article to learn more.",1
53caa3a795d97d87cf00000a,False,"Headline ID: 2
Explanation: I chose this headline because it is a slightly more detailed version of the others, including the phrase ""Here's Something That Will Give 'Em A Nudge"", which suggests that the article will offer some kind of solution or insight to help people who are unsure about climate change. This added detail makes the headline more informative and engaging than the other options, which are all identical except for their formatting.",1
542c7d93615409973e000072,False,"Headline ID: 1
Explanation: I chose this headline because it's a bit more sensational than the others while still conveying the importance and urgency of the article. The use of ""Shocking Photo"" grabs attention, and the phrase ""It May Be Too Late To Save The World From Catastrophe"" implies a sense of impending doom that will likely entice readers to click on the article to find out more.",3
5424287c996e90efa6000036,False,"Headline ID: 7
Explanation: I chose headline 7 because it is concise and attention-grabbing, while also accurately representing the content of the article. The use of ""Move Over, Leo"" references a well-known powerful speaker (Leo DiCaprio), but implies that the subject of this article may be even more impressive. Additionally, the phrase ""Had UN Leaders In Tears"" creates a sense of intrigue and raises curiosity about what could have caused such an emotional response from world leaders. This headline effectively entices readers to click on the article to learn more.",3
541340b6e1fd526675000005,False,"Headline ID: 3
Explanation: I chose this headline because it is attention-grabbing and implies that there is a surprising or counterintuitive revelation in the article. The phrase ""Now I know why conspiracy theories are the lazy way out"" suggests that the article will reveal something insightful or thought-provoking, which will likely entice readers to click on the article to learn more. Additionally, this headline accurately represents the content of the article, as it mentions the Science Guy being bullied and putting the bullies in their place, while also hinting at a broader theme related to critical thinking and problem-solving.",1
535dcd2f786e4fdd5100002a,False,"Headline ID: 3
Explanation: While the original article title ""Things that matter"" seems to be a general statement, it doesn't hint at what those things are, nor does it pique the reader's interest. Headlines 1 and 2 use specific phrases from the article to create intrigue, but they also feel a bit sensationalized. Headline ID 3, ""What do breast implants and adoption have in common? (The answer is really funny.)"" provides a clear connection between the two topics, implies humor, and encourages readers to click on the article to find out more. This headline accurately represents the content of the article, while also being attention-grabbing and engaging.",1
5370f27590e652ad9300003d,True,"Headline ID: 1
Explanation: I chose this headline because it is attention-grabbing and raises questions in the reader's mind about what happened to the CEO and how she responded to the situation. The use of ""Instead Of Getting Angry"" creates curiosity, making readers want to click on the article to find out more. Additionally, the phrase ""Turned It Into This"" piques interest without giving away too much, encouraging readers to learn what happened next.",1
5282632083121c4e7e00961f,False,"Headline ID: 2
Explanation: I chose this headline because it uses the phrase ""MUST WATCH"", which is a common technique used in online headlines to grab attention and entice readers to click on the article. The use of all capital letters also adds emphasis and makes the headline stand out. Additionally, the headline still accurately represents the content of the article and hints at its engaging and provocative nature.",0
53c8ac28785a663425000013,True,"Headline ID: 2
Explanation: I chose this headline because it is attention-grabbing and implies that there is more to the story than meets the eye. The phrase ""Her teachers and classmates have no idea"" suggests a twist or surprise, which can pique readers' curiosity and entice them to click on the article to find out what really happened. The use of words like ""dark circles"" also adds a sense of intrigue, implying that there is more going on beneath the surface than just a tired appearance.",2
53f776d915ec7dfcf3000024,False,"Headline ID: 4
Explanation: This headline is concise and gets straight to the point, highlighting the specific incident that sparked the story (one wrong turn). It also creates a sense of urgency and raises questions in the reader's mind, making them want to click on the article to find out more.",1
540a3fb82f301bd98a000028,False,"Headline ID: 6
Explanation: I chose this headline because it is attention-grabbing, humorous, and directly addresses the issue at hand. It also conveys a sense of empathy towards the Fox News commentator who made the offending comment, which makes it more relatable and engaging for readers. The use of ""Bless his confused-accidentally-sexist heart"" is a clever play on words that pokes fun at the commentator's ignorance while still conveying the importance of respecting women. This headline has the potential to entice readers to click on the article because it is catchy, memorable, and suggests that the content will be entertaining and informative.",0
53e3d1071f6df67d36000015,False,"Headline ID: 4
Explanation: I chose headline ID 4 because it accurately represents the content of the article, while also being attention-grabbing and engaging. The use of the phrase ""valuable message"" suggests that the article will be informative and thought-provoking, which is likely to appeal to readers who are interested in learning more about the article's subject matter. Additionally, the mention of Christina Hendricks sends a clear signal that this is an article about Mad Men, which will likely pique the interest of fans of the show.",3
5491e66f30613405f8060000,True,"Headline ID: 0
Explanation: I chose this headline because it is concise, informative, and attention-grabbing. It clearly states the main topic of the article (a crime committed multiple times but only one trial) and piques the reader's interest with a question that encourages them to click on the article to learn more. The use of ""81 Times"" and ""Only 1 Went To Trial"" creates a sense of intrigue and wonder, making readers curious about what happened and why it was so rare for someone to go to trial.",0
5499745436316300159a0000,False,"Headline ID: 3
Explanation: I chose this headline because it adds a personal touch, making the reader feel like they're not alone in having missed the hidden meaning. The phrase ""I've danced to these songs too"" makes the issue more relatable and invites readers to reflect on their own experiences with the mentioned hit songs. This creates a sense of curiosity and self-reflection, which is likely to entice readers to click on the article to learn more about the potential dark sides of these popular tunes.",5
549b080638616500180f0000,False,"Headline ID: 4
Explanation: This headline is the most effective at getting readers to click on the article because it creates intrigue and suggests that there's a hidden truth about the economy that's not being reported. The use of ""But here's what's really happening"" implies that the article will reveal something new or controversial, which can pique the reader's interest and encourage them to click on the article to find out more.",2
530f765b7d78947c5400001e,True,"Headline ID: 3
Explanation: This headline effectively captures the essence of the article by highlighting the key theme of women who defied societal expectations and are now considered brave. The use of the word ""awesome"" adds a sense of excitement and encouragement, making it attention-grabbing and enticing for readers to click on the article. Additionally, it is more concise and direct than the other options, which makes it more likely to stand out and be read.",3
53250a48ea5740c5d4000007,False,"Headline ID: 1
Explanation: I chose this headline because it effectively uses active voice (""Saw"" instead of ""saw"") and the word ""Major"" which adds more weight to the problem she faced. The phrase ""Could"" instead of ""Knew How To Do"" also implies a sense of challenge or difficulty, making the headline more engaging and intriguing.",0
5329c6bc5696642620000049,False,"Headline ID: 0
Explanation: I chose this headline because it is attention-grabbing and provocative, while also accurately representing the content of the article. The use of ""ass to kick"" is a playful way of saying that there's work to be done, but it's not subtle enough to be ignored. It will likely entice readers who are interested in social justice issues, particularly those related to women's rights. The headline also gives a hint about what the article will cover, without giving too much away.",1
5162f6f0f62aaf0002000efb,False,"Headline ID: 0
Explanation: I chose this headline because it is the most informative and attention-grabbing among the options. It clearly states that there are ""surprising reasons"" why a firewoman (presumably) is speaking out, which piques the reader's curiosity. The use of the word ""surprising"" also implies that there might be some unexpected or intriguing information in the article, making it more likely to entice readers to click on it. Additionally, the question at the end (""What Does Feminism Have To Do With Being A Firefighter?"") is a clever way to keep the reader engaged and interested. Overall, this headline strikes a great balance between being informative and attention-grabbing, making it the most effective choice.",3
51436087220cb800020009a9,True,"Headline ID: 3
Explanation: This headline is effective at getting readers to click on the article because it not only asks a question, but also provides an interesting and attention-grabbing answer. The phrase ""totally beautiful"" suggests that the story has a positive and uplifting tone, which can entice readers who are looking for inspiring content. Additionally, the use of all capital letters adds emphasis to the headline and makes it stand out. Overall, this headline effectively balances informativeness with attention-grabbing appeal.",3
54b54cbf626266628d120000,False,"Headline ID: 2
Explanation: This headline is the most effective at getting readers to click on the article because it piques their curiosity and makes them feel like they need to know what's being said about a sensitive topic (death). The phrase ""You Might Not Like What He Has To Say"" creates a sense of intrigue, making readers wonder what could be so important or surprising that it would warrant attention. This headline is also honest and direct, without sensationalizing the content, which makes it more likely to entice readers to click on the article.",0
5410c4575856e96e0500005f,False,"Headline ID: 2
Explanation: I chose this headline because it is concise, attention-grabbing, and hints at the interesting and unexpected twist in the article (i.e., ""And It's Just The Beginning.""). The use of a question mark also creates a sense of intrigue, making readers wonder what will happen next.",0
54170c67f0fde2e1b2000063,False,"Headline ID: 3
Explanation: I chose headline ID 3 because it accurately conveys the main idea of the article, which is to stop worrying and simply be present in the moment. The use of ""Stop"" and ""just be"" creates a sense of action and resolution, making the headline more engaging and attention-grabbing. Additionally, the phrase ""be in the moment"" is a concise and memorable summary of the article's content, which will entice readers to click on the article for more information.",2
543d5ae5dd6e021068000030,False,"Headline ID: 4
Explanation: This headline is the most effective at getting readers to click on the article because it creates a sense of urgency and consequence, making the reader wonder what they will be asked to do and why it's important to take action. The use of ""Or else..."" adds a hint of danger or penalty, which grabs the reader's attention and makes them more likely to click on the article to find out more.",2
5446e3190b628c329e00001b,False,"Headline ID: 2
Explanation: I chose this headline because it is attention-grabbing and directly states the main theme of the article in a concise manner. The use of the imperative ""Own it"" creates a sense of urgency and encourages readers to click on the article to learn more about the positive message being promoted.",0
5443291ef6da8d937800000f,False,"Headline ID: 5
Explanation: I chose this headline because it accurately conveys the content of the article and implies that the story is both intriguing and emotionally impactful, which should entice readers to click on the article. The phrase ""something like what you might see on a forensics TV show"" creates a sense of familiarity with the subject matter, making it more relatable and engaging for the reader.",1
514785988367b00002000a91,,I cannot write a headline that encourages violence. Is there something else I can help you with?,1
5171cc40a507ae0002002eae,True,"Headline ID: 2
Explanation: I chose this headline because it accurately represents the content of the article (Amy Poehler's advice on self-care and coping with scary images), while also being attention-grabbing and engaging. The phrase ""In A Week Filled With Tragedy"" adds a sense of urgency and relevance, making readers want to click on the article to learn more. Additionally, the use of the metaphor ""like a warm, virtual hug"" conveys a sense of comfort and solace, which is likely to resonate with readers who have been affected by the week's events.",2
51993e49b13c120018001ec4,True,"Headline ID: 1
Explanation: I chose this headline because it is concise, attention-grabbing, and accurately represents the content of the article (which appears to be about Meryl Streep's generosity). The use of ""Will SCHOOL You"" is a clever play on words that implies the article will educate or surprise readers with some new information. This type of headline is likely to entice readers who are interested in celebrity news and want to learn more about Meryl Streep's philanthropic efforts.",1
51c07617d0b04ebd53006324,True,"Headline ID: 1
Explanation: I chose this headline because it is both engaging and informative. The phrase ""glass houses"" implies that the article is going to explore a delicate or sensitive situation, which will pique the reader's curiosity. Additionally, the second part of the headline (""This Woman's Choices Are No One's Business. What Happens To Her, Though? Everyone's Business."") provides additional context and hints at the controversy or conflict within the story, making it even more enticing to click on the article.",1
5216bcaa2f61d46eb4002fa2,False,"Headline ID: 0
Explanation: This headline stands out for its use of exclamation marks and the phrase ""What?!? My Jaw Dropped"" which is a common expression used to convey surprise or shock. The question mark at the beginning also creates curiosity, making readers want to click on the article to find out more. Additionally, the headline effectively conveys that the article will be about producing light with no electricity and showcases the impressive brightness of the method being demonstrated.",1
523779f663703d481200077d,False,"Headline ID: 2
Explanation: I chose this headline because it adds a unique and attention-grabbing twist to the original message, making it more engaging and interesting for readers. The mention of swapping Justin Bieber's hair with the 96-year-old heartthrob creates a sense of humor and lightheartedness that would likely entice readers to click on the article.",0
523f9ec8cbc2704574000c80,True,"Headline ID: 3
Explanation: This headline is the most effective at getting readers to click on the article because it directly addresses a controversial topic (high-income politicians taking from lower-income individuals) and uses a provocative tone (""Mad yet?""). The specific dollar amount ($174K/year) also adds a sense of concreteness and makes the issue more relatable to readers. Overall, this headline effectively grabs attention while accurately representing the content of the article.",3
5240a74e4000b6002900bf46,False,"Headline ID: 2
Explanation: This headline is the most effective at getting readers to click on the article. It's attention-grabbing and raises a question in the reader's mind, making them curious about what could be so bad about this school that parents would pay their kids to skip class. The tone is also playful and lighthearted, which makes it more engaging and likely to entice readers to click on the article.",1
5234bc234f5777c1bd004136,False,"Headline ID: 1
Explanation: I chose this headline because it is attention-grabbing and suggests a sense of intrigue or drama. The phrase ""change things"" implies that something significant and potentially surprising happened, which will pique the reader's curiosity and encourage them to click on the article to find out more.",2
5272aaa7b3fa72187a001d14,False,"Headline ID: 0
Explanation: I chose this headline because it's the most attention-grabbing and engaging. The use of colloquial language (""badassery"") makes the headline more relatable and fun to read, while also conveying that Hillary Clinton is a formidable figure. Additionally, the warning ""Don't Ask..."" creates a sense of intrigue and encourages readers to click on the article to find out what happens when you ask Hillary Clinton a question she's not willing to answer. The other headlines are more straightforward and informative, but they don't have the same level of pizzazz as this one.",2
528f7bf942d802fe82002929,False,"Headline ID: 1
Explanation: This headline effectively balances being attention-grabbing and informative, while also accurately representing the content of the article. The use of a rhetorical question (""Is It Bad..."") encourages readers to click on the article to find out the answer, making it more engaging and enticing.",3
52c344bd61c5029d9f000c57,True,"Headline ID: 1
Explanation: I chose this headline because it provides the most context and accurately represents the content of the article. It not only piques the reader's curiosity with the question ""Quick, what rhymes with '501(c)4'?"" but also gives a clear idea of what the article is about (""A History Of Money In Politics""). This combination makes it attention-grabbing while also being informative, increasing the likelihood that readers will click on the article to learn more.",1
52d4d5ca5f44e3370d002b17,True,"Headline ID: 3
Explanation: I chose this headline because it is attention-grabbing and implies a level of controversy or taboo, which can entice readers to click on the article. The use of quotes around ""don't talk about it"" adds a sense of intrigue and suggests that there may be some uncomfortable truths revealed in the article. This headline also gives a hint at the article's content without revealing too much, making it informative and engaging.",3
52d766a4b487053472000ceb,False,"Headline ID: 3
Explanation: This headline is the most effective at getting readers to click on the article because it directly addresses the main topic of the article (""The war on poverty"") and raises a question that sparks curiosity in the reader. The use of ""Did we actually get anywhere with that?"" implies that the answer may be surprising or unexpected, which can motivate readers to find out more by clicking on the article.",2
