54aeb5b163316300127e0000,False,"Headline ID: 4
Explanation: I chose this headline because it effectively combines emotional resonance with a personal touch, creating a strong hook for potential readers. The phrases ""Beautiful, Moving, And Kleenex-Worthy"" evoke strong feelings and set high expectations for the content, while the statement ""I Usually Hate Yearly Recap Videos But This One's Different"" appeals to those who might be skeptical about such videos. This combination of relatability and emotional depth is likely to entice clicks and draw in a wide audience looking for meaningful and uplifting content.",3
54dfe3953063630028000000,False,"Headline ID: 1
Explanation: I chose this headline because it effectively captures attention with a dramatic premise, presenting an urgent and emotional scenario that compels readers to learn more. The phrases ""they were going to kill this doggie"" and ""instead they sent her to prison"" create curiosity about the story's unique twist and the bond formed between the dog and the prisoner. This combination of strong emotional elements and an intriguing storyline makes it the most likely to attract clicks and engage readers with the article.",3
54f61445663432000c200100,False,"Headline ID: 4
Explanation: I selected this headline because it effectively combines a compelling narrative about censorship with an emotionally resonant concluding statement, ""This is what guts looks like."" This phrase not only captures attention but also conveys bravery and determination, which are likely to resonate strongly with readers. The lead-in references the documentary's emotional impact and its viral nature in China, creating intrigue and relevance. Overall, this headline stands out for its ability to engage the audience and provoke further interest in the article.",1
55243cca346531001c9e0000,False,"Headline ID: 1
Explanation: I chose this headline because it is concise, engaging, and effectively communicates the essence of the article. It captures readers' curiosity about Henry Rollins by contrasting his message with cliché PSAs, making it clear that he offers something different and meaningful. Additionally, it invites further exploration of his appeal specifically to the poorest youth in America. Its straightforward nature is likely to attract a broad audience, including those unfamiliar with Rollins, increasing the chances of clicks.",5
5526ca16646532001cfc0000,False,"Headline ID: 1
Explanation: I chose this headline because it effectively balances emotional resonance and contextual clarity. The phrase ""This is beautiful"" not only evokes a positive response but also encourages curiosity about why the neighborhood united and what actions led to this sentiment. This makes it highly engaging and likely to attract readers who are interested in heartwarming stories of community and connection. Overall, it stands out as the most compelling option for enticing clicks while accurately representing the content of the article.",5
552c3316626562000c4b0100,False,"Headline ID: 3
Explanation: I chose this headline because it poses a thought-provoking question that encourages readers to reflect on their approach to discussions, especially within the context of contentious issues like climate change. The question format captures attention and invites curiosity, making it more likely that readers will click to learn how they can shift their perspective from confrontation to collaboration. This approach aligns well with the article's theme of effective communication and practical strategies for navigating difficult conversations.",2
51655f47e8f2ae00020059ac,False,"Headline ID: 0
Explanation: I chose this headline because it effectively combines the elements of curiosity and visual appeal by introducing ""the most beautiful ski festival you've never heard of."" This phrase invites readers to discover something unique and positive, while the additional line, ""Check Out One Of Afghanistan’s Best Kept Secrets,"" enhances the sense of exclusivity and intrigue. Together, these components create a headline that is engaging and informative, making it likely to attract clicks from readers interested in travel and cultural experiences.",1
54db8fd9366238000cbe0000,False,"Headline ID: 1
Explanation: This headline is the best option because it combines a heart-wrenching declaration about the tragedy with a comparative element that sparks curiosity. The question about how Chapel Hill differs from Paris, along with the mention of a ""missing word,"" invites readers to click to find out more about the context and implications of the event. This approach effectively balances emotional engagement with an element of intrigue, making it likely to attract a wider audience and encourage further reading.",3
533ad7f9782bd79b4800003f,False,"Headline ID: 2
Explanation: I chose this headline because it is direct and clearly addresses the topic of freeloaders, which aligns well with the article's content. The phrasing ""Heading to your state next?"" adds a sense of immediacy and intrigue, prompting readers to consider the potential implications in their own lives. This combination of clarity and engagement makes it the most compelling option for enticing readers to click on the article.",3
5345cd2a1ab01221a3000040,True,"Headline ID: 3
Explanation: I chose this headline because it effectively uses a relevant and relatable analogy to connect the concepts of cheating in sports and real-life discrimination. This approach not only provokes thought and discussion about serious social issues but also engages readers by presenting them with a compelling question. The clarity and poignancy of this headline make it the strongest option for enticing clicks and drawing readers into the article.",3
534de995fcf40f3c9800006a,False,"Headline ID: 1
Explanation: I chose this headline because it effectively combines an important societal issue—taxation—with a direct engagement question that prompts readers to consider their personal contribution and understanding of tax expenditures. It appeals to both curiosity and a sense of civic responsibility, making it more likely to draw readers in and encourage them to click on the article. The phrasing suggests a deeper exploration of a topic that affects a wide audience, enhancing its overall relevance and impact.",2
53caa3a795d97d87cf00000a,True,"Headline ID: 3
Explanation: I chose this headline because it introduces the element of a ""graph,"" which indicates that the article will present data-driven information. This specificity can appeal to readers who value evidence-based arguments, especially regarding a critical issue like climate change. The structure effectively addresses an audience that might need persuasion, making it an engaging and credible option. This combination of specificity, relevance, and a clear call to action enhances its likelihood of attracting clicks and encouraging readers to share the content.",3
542c7d93615409973e000072,True,"Headline ID: 5
Explanation: I selected this headline because it effectively combines urgency with a strong visual appeal through the phrase ""Shocking Photos."" The statement that the ""World Might Be On The Brink Of Catastrophe"" creates an immediate sense of concern while enticing readers to click to see the evidence. This balance of emotional impact and information makes it the most engaging option for capturing readership interest and accurately reflecting the serious nature of the article's content.",5
5424287c996e90efa6000036,False,"Headline ID: 5
Explanation: I chose this headline because it effectively captures attention through a relatable pop culture reference while also delivering a powerful emotional impact. The phrase ""Move Over, Leo"" implies a comparison that generates curiosity, enticing readers to discover who this impactful speaker is and what she said to move world leaders to tears. It balances intrigue with clarity and relevance, making it the strongest and most likely to attract clicks for the article.",6
541340b6e1fd526675000005,False,"Headline ID: 3
Explanation: I selected this headline because it effectively combines two significant and timely issues—space exploration and climate change—into a single, engaging statement. It is likely to capture the interest of a broad audience, encouraging readers to click to learn more about innovative solutions for a pressing global challenge. The headline suggests a forward-thinking approach, which aligns well with contemporary discussions and can entice curious readers to explore the article further.",1
535dcd2f786e4fdd5100002a,False,"Headline ID: 1
Explanation: I chose this headline because it effectively combines humor with a unique and intriguing comparison between breast implants and adoption, which is likely to engage readers and prompt them to click on the article. The question format invites curiosity, making readers want to learn more about the connection being made. Additionally, the mention of a ""funny"" answer suggests that the content will be light-hearted and entertaining, appealing to a broad audience. Overall, it strikes a good balance between being engaging and informative.",0
5370f27590e652ad9300003d,True,"Headline ID: 0
Explanation: I selected Headline 0 because it presents an engaging and relatable scenario involving a CEO, which immediately captures the reader's attention. The unusual juxtaposition of a CEO being mistaken for kitchen help adds intrigue, prompting curiosity about her response and the eventual outcome. Furthermore, the emphasis on her positive reaction rather than anger suggests an uplifting narrative, aligning with readers’ interests in resilience and leadership. This combination of elements makes it more likely to entice readers to click on the article compared to the ambiguity present in Headline 1.",0
5282632083121c4e7e00961f,False,"Headline ID: 1
Explanation: I chose this headline because it effectively captures the reader's attention with its dramatic opening and intriguing question. The subheadline introduces a sense of hope and suggests that there are potential solutions to the struggles faced by those described. This balance of urgency and positivity is likely to engage a wide audience and encourage them to click through to learn more about the complex emotional and social issues at play.",2
53c8ac28785a663425000013,True,"Headline ID: 2
Explanation: I chose this headline because it effectively captures intrigue and evokes curiosity about the hidden struggles the subject may be experiencing. It hints at a deeper story behind the seemingly innocent graduation event, making it compelling for readers who are interested in emotional narratives. The phrasing suggests that there will be revelations about the girl that even those who know her are unaware of, promising a story that addresses important themes of perception and reality, which should motivate readers to click on the article.",2
53f776d915ec7dfcf3000024,False,"Headline ID: 3
Explanation: I chose this headline because ""One wrong turn. That's all it took."" is engaging, concise, and effectively conveys a sense of drama and urgency. It hints at the consequences of a seemingly minor mistake, which piques curiosity and compels readers to want to learn more about the circumstances surrounding this incident. The headline captures the essence of an impactful story, making it the best choice for drawing readers in.",2
540a3fb82f301bd98a000028,True,"Headline ID: 4
Explanation: I chose this headline because it effectively combines humor, a conversational tone, and a clear indication of the article's subject matter. It highlights the conflict between a Fox News commentator's views on street harassment and The Daily Show's response, which is likely to pique readers' interest. The engaging language and casual phrasing make it relatable and enticing, thereby increasing the likelihood that readers will click on the article to learn more about the discussion on a timely and important issue.",4
53e3d1071f6df67d36000015,False,"Headline ID: 1
Explanation: I chose this headline because it effectively combines humor and a reference to a well-known character from ""Mad Men"" that engages fans while also touching on the serious issue of gender inequality. The addition of the phrase about Don Draper adds intrigue and familiarity for readers, creating a connection that encourages clicks. This balance of a light-hearted approach with a substantial theme makes it the most compelling choice for attracting a broad audience.",0
5491e66f30613405f8060000,False,"Headline ID: 1
Explanation: I chose this headline because it effectively combines a striking statistic with a provocative follow-up question that sparks curiosity. The mention of the different types of juries adds a layer of intrigue, making readers want to learn more about the implications behind the statistic. Despite the slight risk of confusion regarding the relationship between the crime and jury types, the engagement factor outweighs this concern, making it the most likely to attract clicks and draw readers into the article.",2
5499745436316300159a0000,False,"Headline ID: 2
Explanation: I chose this headline because it effectively captures the duality of popular songs that appear fun at first but contain deeper, potentially troubling meanings. This juxtaposition is engaging and invites readers to dig deeper into the lyrics, stimulating curiosity and encouraging clicks. Additionally, it embodies a relatable tone that resonates with a broad audience, making it the best option for drawing in readers.",0
549b080638616500180f0000,False,"Headline ID: 4
Explanation: I selected this headline because it effectively creates intrigue by suggesting that the article will reveal important truths about the economy that are not being openly addressed by mainstream sources. This approach draws readers in with the promise of exclusive insights, which is likely to appeal to those seeking a deeper understanding of economic issues. The dramatic phrasing adds urgency, making it highly clickable and likely to engage a broad audience.",1
530f765b7d78947c5400001e,True,"Headline ID: 1
Explanation: I chose this headline because it effectively captures the essence of the article by highlighting the defiance and empowerment of the women featured. The phrase ""They defied what was expected of them"" creates intrigue and a sense of rebellion that is likely to resonate with readers. It emphasizes the theme of overcoming societal norms, which aligns well with the article's content about women deemed unusual, thus making it both engaging and informative. This headline strikes a strong emotional chord while still remaining concise enough to attract clicks.",1
53250a48ea5740c5d4000007,False,"Headline ID: 1
Explanation: I chose this headline because it effectively conveys urgency and significance by describing the problem as ""major"" and highlighting the young woman's unique capability to address it with the phrase ""did something no one else could."" This creates a sense of curiosity and inspiration, making it more likely to engage readers and encourage them to click on the article. The focus on her actions as exceptional adds an element of empowerment, further enhancing its appeal.",0
5329c6bc5696642620000049,True,"**Headline ID:** 2
**Explanation:** I chose this headline because it effectively addresses a broader audience by directly inviting men to engage with women's issues. The phrase ""this will open your eyes"" creates curiosity and suggests that the article contains valuable insights, encouraging readers to learn more. This approach not only raises awareness but also fosters empathy, making it likely to resonate with many readers and prompt them to click on the article. Overall, it strikes a balance between being engaging and informative, which is essential for attracting an audience.",2
5162f6f0f62aaf0002000efb,True,"Headline ID: 2
Explanation: I chose this headline because it effectively combines a strong and engaging premise with a relatable question that provokes curiosity. The phrase ""fighting fire with fire"" suggests resilience and strength, while the question about bullying adds a human element that can resonate with readers. The additional context of ""The Answer Is Crazy"" implies an unexpected twist, making it highly enticing for readers to click and discover more about the story. Overall, it strikes a good balance between being informative, attention-grabbing, and engaging.",2
51436087220cb800020009a9,False,"Headline ID: 2
Explanation: I chose this headline because it effectively captures the duality of struggle and transformation, making it both engaging and emotionally resonant. The phrase ""These People Once Tried To Do Something Awful. I'm So Glad They Didn't."" conveys a compelling narrative of hope and redemption, drawing in readers who are interested in stories of personal growth and overcoming adversity. Its clear acknowledgment of past challenges, paired with a positive outcome, encourages readers to explore the article further. Overall, it strikes a balance between intrigue and emotional depth, making it the strongest option for encouraging clicks.",0
54b54cbf626266628d120000,True,"Headline ID: 1
Explanation: I chose this headline because it effectively balances clarity and engagement. It sets the expectation of a two-minute discussion while providing a positive reassurance that death can be viewed as less scary. The phrase “we could all take a listen” invites readers to participate and learn, making it approachable for a wide audience. This combination of elements makes it the most likely to attract clicks and resonate with readers looking for a thoughtful perspective on a difficult topic.",1
5410c4575856e96e0500005f,False,"Headline ID: 3
Explanation: I chose this headline because ""This Video Is Broken On Purpose. Can You Guess Why?"" effectively combines curiosity and interactivity, inviting readers to engage with the content while creating a sense of intrigue. The phrase prompts readers to think and participate, making it more likely that they will click on the article. It strikes a balance between being attention-grabbing and informative, appealing to a wide audience while teasing an interesting concept.",1
54170c67f0fde2e1b2000063,False,"Headline ID: 1
Explanation: I chose this headline because it effectively addresses a common concern—worrying—while providing an encouraging message about being present in the moment. This dual focus on relatability and reassurance makes it engaging for a broad audience. The phrasing is direct yet supportive, which is likely to resonate with readers seeking guidance on mindfulness and self-acceptance. Overall, it strikes the best balance between being informative and attention-grabbing, making it the ideal choice for encouraging clicks on the article.",0
543d5ae5dd6e021068000030,False,"Headline ID: 4
Explanation: I chose this headline because it combines a strong call to action with an emotional appeal, which can resonate deeply with readers. The phrase “we have to be able to say we did all that we could” inspires a sense of responsibility and prompts readers to think about their role in addressing the issue being discussed. While it still lacks specific detail about the ""scary situation,"" the urgency and engagement it provokes make it the most compelling choice among the options. It creates a sense of accountability and piques curiosity about the content of the article, which are key factors that can drive reader engagement and clicks.",2
5446e3190b628c329e00001b,False,"Headline ID: 0
Explanation: I chose this headline because it effectively captures an engaging hook with ""Positivity. It's catching on,"" which can draw in readers looking for uplifting stories. The themes of pride and self-acceptance resonate strongly in today's cultural climate, making it relatable and appealing. Despite its somewhat disjointed structure, the overall emotional weight and focus on empowerment suggest that it will attract more clicks compared to the verbose and somewhat generic nature of Headline 1.",1
5443291ef6da8d937800000f,False,"Headline ID: 3
Explanation: I chose this headline because it strikes a strong balance between emotional impact and relatability. By likening the woman's job to something viewers might see on a forensics TV show, it invites readers to connect with a familiar cultural reference while acknowledging the real sadness inherent in the work. This combination is likely to engage readers' curiosity and prompt them to click on the article to learn more about her experiences. Additionally, the vivid imagery provides a starting point for deeper storytelling, which can resonate well with an audience interested in human interest pieces.",6
514785988367b00002000a91,True,"Headline ID: 3
Explanation: This headline effectively captures attention by combining a provocative historical reference with a shocking contemporary issue. It highlights the serious problem of victim intimidation following the conviction of a rapist, which invites curiosity and encourages readers to engage with the article. The striking contrast between the conviction and the threats directed at the victim underscores the societal issues surrounding sexual assault and victim-blaming, making it both compelling and relevant. This combination of elements makes it the best choice for maximizing reader interest and click-through rates.",3
5171cc40a507ae0002002eae,True,"Headline ID: 3
Explanation: I selected this headline because it effectively captures the emotional weight of the week by directly referencing the tragedy that many readers may be experiencing. It conveys a sense of urgency while also providing a comforting solution through Amy Poehler's self-care advice. The metaphor of a ""warm, virtual hug"" adds a relatable and inviting touch that appeals to readers looking for positivity amid difficult times. Overall, it balances seriousness with a positive message, making it highly compelling and likely to attract clicks.",3
51993e49b13c120018001ec4,False,"Headline ID: 2
Explanation: I selected this headline because it effectively combines an engaging lead with informative content. It clearly communicates Meryl Streep's philanthropic contribution towards an important cause—women's history—with the compelling detail that she is donating a significant amount of money. This makes it both newsworthy and intriguing to a broad audience, likely increasing the article's click-through rate. The balance of personal achievement and social relevance makes it the best option.",1
51c07617d0b04ebd53006324,False,"Headline ID: 2
Explanation: I chose this headline because ""Watch the tension build to fever pitch"" effectively conveys a sense of urgency and emotional engagement, which are important for capturing readers' interest. It suggests a narrative filled with suspense and intensity, encouraging readers to click to understand the unfolding drama related to the woman's choices. This headline strikes the right balance between being engaging and hinting at the article's content, making it the best option.",3
5216bcaa2f61d46eb4002fa2,False,"Headline ID: 2
Explanation: I chose this headline because it effectively captures attention with the phrase ""What?!?"" and creates a strong emotional response with ""My Jaw Dropped."" This combination draws readers in by sparking curiosity and emphasizing the surprising nature of the light produced from a plastic bottle. Additionally, the specific mention of the plastic bottle adds clarity and intrigue, making it an engaging choice that is likely to entice readers to click on the article.",0
523779f663703d481200077d,False,"Headline ID: 1
Explanation: I chose this headline because it effectively combines the engaging theme of true love with a playful and intriguing twist about swapping Justin Bieber for a 96-year-old heart-throb. This combination is likely to capture the curiosity of a diverse audience, making it highly clickable. The humor and unexpected nature of the headline can entice readers to find out more about the article's content, making it the best option overall for drawing in readers.",2
523f9ec8cbc2704574000c80,True,"Headline ID: 3
Explanation: I chose this headline because it effectively captures the urgency and emotional weight of the article's content. It explicitly references Congress's salary while highlighting the disparity faced by those with fewer financial resources. The confrontational tone and rhetorical question (""Mad yet?"") are designed to provoke strong reactions and encourage readers to engage with the article, making it the most compelling and clickable option. This headline not only informs but also stirs curiosity and emotion, which are key components for attracting readers.",3
5240a74e4000b6002900bf46,True,"Headline ID: 3
Explanation: I chose this headline because it directly addresses a critical issue in education—what children are learning in school—while employing a provocative and engaging tone. The use of the phrase ""ignorant garbage"" is attention-grabbing and likely to provoke a reaction from readers, enticing them to click on the article to see how children's education is being critiqued. This headline effectively balances engagement with relevance, making it the strongest choice for attracting an audience concerned about educational content.",3
5234bc234f5777c1bd004136,True,"Headline ID: 1
Explanation: I chose this headline because it effectively engages readers by referencing the familiar ""David and Goliath"" narrative, which immediately captures attention and evokes curiosity about the struggle between the workers and the restaurant owners. The phrasing sets up a compelling story of underdogs confronting a powerful adversary, which is likely to resonate with audiences looking for an inspiring and relatable tale. While it has a casual tone, the balance of familiarity and storytelling makes it the strongest option to encourage clicks and draw in a broad audience.",1
5272aaa7b3fa72187a001d14,True,"Headline ID: 3
Explanation: I chose this headline because it is clear, direct, and explicitly identifies Hilary Clinton while focusing on a relevant and sensitive issue—abortion. The headline effectively sets the tone for a provocative discussion and is likely to engage readers who are interested in political commentary and women's rights. Its straightforward and confrontational nature is likely to entice clicks, capturing the essence of the article's content.",3
528f7bf942d802fe82002929,False,"Headline ID: 1
Explanation: I selected this headline because it effectively combines an engaging and provocative statement about Sam Walton with a relevant and thought-provoking question. This encourages readers to consider the implications of the article's content regarding corporate success and welfare, making it both informative and enticing. The conversational tone invites discussion and reflection, which is likely to resonate with a broad audience, increasing the likelihood of clicks. Overall, it strikes a good balance between intrigue and clarity, making it the best option for attracting readers.",3
52c344bd61c5029d9f000c57,False,"Headline ID: 3
Explanation: I chose this headline because it effectively combines humor and curiosity while clearly indicating the article's content about money in politics. The phrase ""Might Be The Nerdiest Thing That's Ever Happened"" is provocative and engaging, making it likely to attract a broad audience. By including the aspect of a rap, it remains relevant to contemporary culture, enhancing its clickability. Overall, this headline strikes the best balance between being entertaining and informative.",1
52d4d5ca5f44e3370d002b17,True,"Headline ID: 0
Explanation: I chose this headline because it is the most engaging and provocative option available. The phrase ""Even the name screams 'don't talk about it'"" creates a strong sense of intrigue and emotional resonance, compelling readers to consider the serious and often-taboo topic of terrorism. Additionally, it effectively positions Russell Brand as someone offering candid insights about a critical issue, thus enticing readers who are interested in exploring the complexities surrounding terrorism and societal narratives. This headline captures attention and encourages clicks by tapping into the reader's curiosity and desire for meaningful discourse.",0
52d766a4b487053472000ceb,False,"Headline ID: 2
Explanation: I chose this headline because ""The War on Poverty: Have We Made Any Progress in 50 Years?"" directly addresses the key theme of the article—assessing the long-term impact of policies aimed at combating poverty. It poses an engaging question that invites readers to reflect on historical and contemporary issues related to poverty, making it informative and thought-provoking. This level of specificity and relevance is likely to resonate with an audience interested in social issues, thereby increasing the likelihood of clicks. Additionally, the direct mention of ""war on poverty"" aligns perfectly with the article's content, enhancing its appeal.",1
