546eccc187942aedcb000013,False,"{'Headline ID': 5, 'Explanation': 'I chose Headline ID 5 because it captures a mix of emotions—laughter, applause, and booing—suggesting a memorable interaction during the show. This complexity creates a more interesting narrative that is likely to entice readers to click on the article, as it hints at a lively discussion about Eva Longoria and tomatoes, providing both humor and conflict.'}",3
5498878336333500249e0000,False,"{'Headline ID': 4, 'Explanation': ""I chose headline ID: 4 because it effectively balances clarity and broad coverage of subject matter that is likely to resonate with many readers. It presents significant topics such as race relations, education, and finance, which are relevant and engaging, making the reader curious about the actor's insights on these important issues. This combination of informative content and engaging subject matter maximizes its potential to attract clicks.""}",1
54aea94f6331630012750000,,"{'title': 'Final Decision on Headline Selection', 'content': ""After considering all the analyses, the most effective headline is ID: 4 from the first set. It states: 'From race relations to financial institutions to education, he's covering it ALL.' This headline is engaging, informative, and covers a wide range of social issues that align with contemporary discussions, making it both attention-grabbing and likely to entice the audience to click on the article."", 'next_action': 'complete'}",0
551d957c383965000c550000,,"{'title': 'Final Decision on Most Effective Headline', 'content': ""Based on the evaluations of the headlines, I have selected the following headline from the last set as the most effective in attracting readers: \n\n**Headline ID: 4** - Someone needs to explain to me why more people don't know who these heroic women are. \n\nThis headline engages the reader directly, creates a sense of urgency, and highlights the importance of the subject matter, making it likely to draw clicks and interest."", 'next_action': 'final_answer'}",1
5538ee65636230001c940000,,"{'title': 'Final Answer (JSON DECODING ERROR)', 'content': '```json\n{\n    ""Headline ID"": 5,\n    ""Explanation"": ""I chose Headline ID: 5 because it conveys a powerful emotional narrative about a little girl facing fear as a theme, which encourages empathy and curiosity in readers. The structure invites the audience to reflect on family dynamics and challenges, making it both engaging and thought-provoking, likely leading to high click-through rates.""\n}\n```'}",3
54baa73e3032350016180000,,"{'title': 'Final Answer (JSON DECODING ERROR)', 'content': '```json\n{\n    ""Headline ID"": 4,\n    ""Explanation"": ""Headline ID: 4 from the farming group is the most compelling as it combines personal storytelling with a significant social theme about food quality. This resonates widely with audiences concerned about eating real food, balances emotional connection with clarity, and provides informative content, making it likely to effectively attract clicks.""\n}\n```'}",0
54e6453262353400284c0000,False,"{'Headline ID': '5', 'Explanation': ""I chose Headline ID 5 because it not only presents a strong emotional appeal regarding workplace injustice but also raises pertinent questions about morality in business practices. The phrase 'what year is it again?' immediately sparks curiosity and encourages readers to delve into the article for details on the appalling treatment of McDonald's employees. It effectively informs while triggering an emotional response, making it both engaging and representative of the article's content.""}",0
54e380c7633039000c320000,False,"{'Headline ID': 4, 'Explanation': 'I chose Headline ID 4 because it effectively covers a wide range of critical issues, making it engaging and informative. The phrasing suggests depth and draws in readers who are interested in serious social discussions. It balances personal appeal with a broad societal context, likely enticing more clicks.'}",3
52dea5f3202c5ca794000009,False,"{'Headline ID': 0, 'Explanation': ""I chose the headline '2000 were killed. Hundreds are missing. But we stay quiet. So far our silence has been deadly.' because it effectively captures attention with shocking statistics, evokes a strong emotional response, and clearly communicates the seriousness of the topic. The sense of urgency and the call for awareness make it compelling and likely to entice readers to click.""}",2
536d54f69f08ab68ea000002,,"{'title': 'Final Answer (JSON DECODING ERROR)', 'content': '```json\n{\n    ""headline_id"": 4,\n    ""explanation"": ""I chose headline ID 4 because it combines a contemporary cultural figure with significant social issues. It has the potential to engage a broad audience due to its relatability and relevance. The mention of race relations, financial institutions, and education offers comprehensive coverage on critical concerns, promising meaningful content that resonates with readers, which enhances its likelihood to attract clicks.""\n}\n```'}",1
53434637d25c4d775100003b,,"{'title': 'Final Answer (JSON DECODING ERROR)', 'content': '```json\n{\n    ""Headline ID"": 2,\n    ""Explanation"": ""I chose this headline because it effectively combines emotional resonance with relevance to social issues, making it compelling and likely to attract clicks. The intriguing comparison of Jesse Williams to \'The Next Harry Belafonte\' not only captures attention but invites readers to explore the content further, fitting the criteria of being engaging and informative.""\n}\n```'}",1
530803f8f3b21fc7e900002f,,"{'title': 'Final Answer (JSON DECODING ERROR)', 'content': '```json\n{\n    ""title"": ""Final Selection of Headline"",\n    ""content"": ""Headline ID: 0 is chosen: \'The way he explains unfairness is so good, I clapped my hands a little. About 2 Minutes In, This Handsome Actor Starts Dropping Fact Bombs. He Says Everything I Wanna Say.\' This headline is engaging and showcases a relatable reaction while discussing a significant topic, encouraging readers to find out more."",\n    ""next_action"": ""final_answer""\n}\n```'}",0
53987eab73acb6aa9b00002b,,"{'title': 'Final Answer', 'content': ""Based on the evaluation of engagement, information, and accuracy, the most effective headline for attracting readers is:\n\n**Headline ID:** 5\n**Headline:** 'When They Left, Her Parents Thought She'd Grow Up Without Fear. They Were Wrong.'\n\nThis headline effectively encapsulates an emotional narrative that is both relatable and alarming, ensuring it connects with readers and compels them to click on the article."", 'next_action': 'final_answer'}",3
52fba2c919639b4552000032,,"{'title': 'Final Answer (JSON DECODING ERROR)', 'content': '```json\n{\n    ""Headline ID"": 1,\n    ""Explanation"": ""The headline \'She\'s tired of watching from the sidelines as her home is destroyed. 2000 were killed. Hundreds are missing. But we stay quiet. So far our silence has been deadly.\' is highly effective at grabbing attention due to its emotional weight and urgency. It highlights a major issue while invoking a strong call to action for the reader to engage further with the content. The stark statistics presented draw readers in, compelling them to learn more about the individual narrative behind the data."",\n    ""next_action"": ""final_answer""\n}\n```'}",3
53beef0df8df06ec9700003d,True,"{'Headline ID': 4, 'Explanation': ""I chose Headline ID: 4 because it thoroughly addresses important societal issues such as race relations, financial institutions, and education, making it highly informative. The mention of the actor's ability to explain complex global topics adds a layer of credibility and depth, likely attracting a broad audience interested in these pressing matters.""}",4
53c956a1785a662ab100004e,,"{'title': 'Final Answer (JSON DECODING ERROR)', 'content': '```json\n{\n    ""Headline ID"": 4,\n    ""Explanation"": ""I chose headline ID: 4 because it effectively combines engagement with clarity. It suggests the actor discusses pressing societal issues, compelling the reader\'s curiosity. The personal touch (\'I Wish This Actor Could Come To Dinner With Me\') adds emotion, making it relatable and inviting, which can strongly motivate clicks.""\n}\n```'}",1
53a8b8c1f98fb2b778000058,,"{'title': 'Final Answer (JSON DECODING ERROR)', 'content': '```json\n{\n    ""Headline ID"": 4,\n    ""Explanation"": ""I chose Headline ID 4 from the first group, which states: \'From race relations to financial institutions to education, he\'s covering it ALL. I Wish This Actor Could Come To Dinner With Me ... And Not Because He\'s Insanely Handsome He explains what\'s going on in the world better than ANYONE.\' This headline is effective because it is emotionally engaging, addresses a wide range of important social issues, and presents a relatable scenario that invites curiosity about the actor\'s insights. It stands out due to its combination of personal tone and broader implications, which is likely to resonate with a diverse audience.""\n}\n```'}",3
53ab6b850e1ea29907000057,,"{'title': 'Final Answer (JSON DECODING ERROR)', 'content': '```json\n{\n    ""Headline ID"": 4,\n    ""Explanation"": ""The chosen headline effectively captures attention while providing vital information about the subject\'s personal journey and insights into food quality. It combines personal storytelling with a broader message, which enhances its attractiveness and relevance to potential readers.""\n}\n```'}",0
53b194a646dab08753000020,,"{'title': 'Final Answer (JSON DECODING ERROR)', 'content': '```json\n{\n    ""Headline ID"": 5,\n    ""Explanation"": ""I chose the headline \'When They Left, Her Parents Thought She\'d Grow Up Without Fear. They Were Wrong.\' because it invokes a strong emotional response and builds curiosity about the challenges the little girl faced. It reflects a deeper narrative that many readers may find compelling, prompting them to click to uncover the hidden story behind this emotional journey.""\n}\n```'}",2
53a1af910a0cb881b500003f,,"{'title': 'Final Answer (JSON DECODING ERROR)', 'content': '```json\n{\n    ""Headline ID"": 1,\n    ""Explanation"": ""I chose Headline 1 because it effectively combines emotional engagement with informative content about the actor\'s powerful answers on societal issues. This not only attracts readers\' attention but also accurately represents the depth of content in the article, making them more likely to click on it.""\n}\n```'}",1
5511ba96336563000c700000,,"{'headline_id': 4, 'explanation': ""I chose Headline ID 4 ('From race relations to financial institutions to education, he's covering it ALL. I Wish This Actor Could Come To Dinner With Me ... And Not Because He's Insanely Handsome. He explains what's going on in the world better than ANYONE.') because it effectively combines broad thematic depth with a personal touch. It touches on significant social issues and presents a strong emotional pull by expressing a desire for personal connection, making it both engaging and informative. It encapsulates both the idea that this actor has valuable insights while also making the reader curious about the specifics of those insights.""}",3
551f3420326661000c830000,,"{'title': 'Final Answer (JSON DECODING ERROR)', 'content': '```json\n{\n    ""headline_id"": 2,\n    ""explanation"": ""I chose Headline ID 2 because it effectively combines emotional appeal and informative content. It references a significant cultural figure, Harry Belafonte, which piques curiosity and suggests a profound discussion about race and activism. This headline stands out by engaging readers while accurately representing the article\'s focus, making it the most effective choice for attracting clicks.""\n}\n```'}",3
52e6770068476eb3aa00000e,,"{'title': 'Final Answer (JSON DECODING ERROR)', 'content': '```json\n{\n    ""headline_id"": 0,\n    ""explanation"": ""I chose Headline ID 0 because it combines humor and insightful commentary, effectively engaging potential readers. It resonates emotionally while remaining relatable, which can attract a broader audience. The mixture of an emotional hook and humor gives it a strong chance of enticing clicks compared to other headlines.""\n}\n```'}",2
52effa00c473ca38e6000009,,"{'headline_id': 1, 'explanation': ""I chose Headline ID 1: 'He's easy to look at, but his words might be hard to hear. Still, I'm listening though, because wow. They Asked This Famous Actor About The World. His Answers Were One Truth Bomb After Another. Where it starts and where it ends are very different places.' This headline effectively combines emotional appeal with a sense of intrigue. It uses striking language ('truth bomb') which suggests significant insights from the actor, encouraging readers to click for valuable content. The phrase 'his words might be hard to hear' adds depth, hinting at discomfort in honesty, compelling readers to discover more about the actor's perspective.""}",0
538cdf139459676a90000067,,"{'title': 'Final Answer (JSON DECODING ERROR)', 'content': '```json\n{\n    ""Headline ID"": 4,\n    ""Explanation"": ""I chose headline ID 4, \'From race relations to financial institutions to education, he\'s covering it ALL,\' because it effectively conveys the breadth of topics covered while suggesting authority on serious issues. It combines both informality and seriousness, appealing to a broad range of readers, and indicates the article\'s depth, making it likely to attract those interested in important social discussions.""\n}\n```'}",3
53e080826fceaf9378000033,,"{'title': 'Final Answer (JSON DECODING ERROR)', 'content': '```json\n{\n    ""Headline ID"": 1,\n    ""Explanation"": ""I chose headline ID: 1 because it effectively combines emotional appeal with clarity. It addresses the serious issue of bullying against a gay adult while inviting the reader to reflect on their own behavior, making it highly engaging. This headline is likely to evoke curiosity and prompt readers to click on the article to learn more about a crucial social issue.""\n}\n```'}",2
53f38961dfcadc9f9e000039,,"{'title': 'Final Answer (JSON DECODING ERROR)', 'content': '```json\n{\n    ""title"": ""Final Selection of Headline"",\n    ""content"": ""The headline ID chosen is 1, which reads: \\""No Babies Died From Chicken Pox From 2004-2007 (HINT: It Wasn\'t Because They Were Vaccinated)\\"". This headline is effective as it presents clear information, engages readers with a controversial claim, and invites curiosity about the reasons behind the statistics on vaccination and disease mortality."",\n    ""next_action"": ""final_answer""\n}\n```'}",1
544bce635fd86c29ce000024,,"{'title': 'Final Answer (JSON DECODING ERROR)', 'content': '```json\n{\n    ""Headline ID"": 4,\n    ""Explanation"": ""I chose Headline ID: 4 because it effectively combines emotional depth with clarity and significant informative value. The phrase \'Meet the Girl Who\'s Left To Deal With Decades Of Built-Up Hostility And Prejudice\' not only invites readers to learn about a specific individual but also hints at broader societal issues relating to discrimination and resilience. This emotional and informative approach is likely to engage readers and encourage them to click on the article.""\n}\n```'}",5
5485bf3f38316100181a0000,,"{'title': 'Final Answer (JSON DECODING ERROR)', 'content': '```json\n{\n    ""title"": ""Final Decision on Headline Selection"",\n    ""content"": ""After careful consideration of engagement factors, emotional appeal, relevance, and audience context, I have determined that Headline ID: 4 from the set about the actor is the most effective. It discusses the important themes of race relations, financial institutions, and education while highlighting the unique perspectives the actor brings, thus potentially drawing in an engaged audience interested in these topics."",\n    ""next_action"": ""final_answer""\n}\n```\n**Headline ID:** 4'}",5
548a34c238393600210f0000,,"{'title': 'Final Answer (JSON DECODING ERROR)', 'content': '```json\n{\n    ""Headline ID"": 4,\n    ""Explanation"": ""I chose Headline ID 4 from the first group because it effectively addresses important and contemporary issues such as race relations and education, making it not only informative but also emotionally engaging. It suggests that the actor provides valuable insights, which could attract a wide range of readers interested in social topics.""\n}\n```'}",0
5307a2111dbc3f5201000015,,"{'title': 'Final Answer (JSON DECODING ERROR)', 'content': '```json\n{\n    ""Headline ID"": 4,\n    ""Explanation"": ""I chose Headline ID 4 because it effectively covers a wide range of important topics including race relations, financial institutions, and education, while also expressing a personal desire for deeper engagement. The combination of clarity and emotional resonance makes it particularly engaging and likely to capture readers\' attention.""\n}\n```'}",3
5310bcc6dc7ca705b7000048,,"{'title': 'Final Answer (JSON DECODING ERROR)', 'content': '```json\n{\n    ""title"": ""Choosing the Most Effective Headline"",\n    ""content"": ""After careful consideration, the headline I have determined to be the most effective is ID: 4 from the second set of headlines about the little girl. The headline states, \'She paints a picture of a little girl. From race relations to financial institutions to education, she\'s covering it ALL. I Wish This Actor Could Come To Dinner With Me ... And Not Because He\'s Insanely Handsome. He explains what\'s going on in the world better than ANYONE.\' This headline is engaging as it conveys a personal touch while being informative about the breadth of topics covered, showing depth and relatability that will resonate with readers."",\n    ""next_action"": ""final_answer""\n}\n```'}",4
516436d1e884fc0002009a5d,,"{'title': 'Final Answer (JSON DECODING ERROR)', 'content': '```json\n{\n    ""headline_id"": 3,\n    ""explanation"": ""I chose headline ID 3: \'The autism debate is controversial. But only if you don\'t listen to the facts. Here\'s all the facts.\' This headline is effective because it clearly conveys the controversial nature of the topic, promises factual information, and is direct in engaging a reader who may be interested in the ongoing debate around autism and public health. It strikes a balance between being informative and enticing, likely increasing click-through rates.""\n}\n```'}",2
52fe56163b1368716f00004e,,"{'title': 'Final Answer (JSON DECODING ERROR)', 'content': '```json\n{\n    ""Headline ID"": 4,\n    ""Explanation"": ""I chose Headline ID 4: \'From race relations to financial institutions to education, he\'s covering it ALL.\' because it effectively engages with multiple critical societal issues, conveys emotional resonance, and maintains clarity. This headline is impactful and relevant, likely to draw in a diverse readership interested in understanding complex current events.""\n}\n```'}",1
54b54cbf626266628d120000,,"{'title': 'Final Answer (JSON DECODING ERROR)', 'content': '```json\n{\n    ""headline_id"": 3,\n    ""explanation"": ""I chose Headline ID 3 because it presents an impactful emotional appeal by emphasizing a personal call to action. It invites readers to learn about an important topic while hinting at the compelling thoughts expressed by the individual discussed. The engagement factor is higher due to its relatable and heartfelt tone, which can resonate with a broad audience, compelling them to click and read more.""\n}\n```'}",2
540ff3111aec8007c5000045,False,"{'Headline ID': 4, 'Explanation': ""I chose Headline ID 4: 'From race relations to financial institutions...He explains what's going on in the world better than ANYONE.' This headline effectively combines clarity, strong emotional appeal, and comprehensive coverage of current issues. It grabs attention with bold assertions and establishes the value of the content, encouraging readers to understand complex topics while being engaged. It resonates both emotionally and informatively, making it likely to induce clicks.""}",5
54234ee2fc77add01700000f,,"{'title': 'Final Answer (JSON DECODING ERROR)', 'content': '```json\n{\n    ""Headline ID"": 1,\n    ""Explanation"": ""I chose this headline because it effectively combines urgency and emotional depth, stating a strong viewpoint about the importance of knowing influential women. This engages curiosity while remaining clear about the subject matter, encouraging readers to learn more. Its call to action appeals directly to the audience\'s interest in empowerment."",\n    ""next_action"": ""final_answer""\n}\n```'}",0
5439faf45d9123ddab00001a,,"{'title': 'Final Answer (JSON DECODING ERROR)', 'content': '```json\n{\n    ""title"": ""Selected Headline"",\n    ""content"": ""Headline ID: 1 \\nThe chosen headline is: \'2 Minutes In, Even Demi Lovato Was Overwhelmed. Then 10 Minutes Of Raw Real Truth Came Out.\' This headline effectively engages readers by combining emotional appeal, a relevant topic on mental health, and curiosity about the content. It promises a personal and impactful story, increasing the likelihood that readers will click to learn more."",\n    ""next_action"": ""final_answer""\n}\n```'}",0
54466605271246fe3200003d,,"{'title': 'Final Answer (JSON DECODING ERROR)', 'content': '```json\n{\n    ""Headline ID"": 1,\n    ""Explanation"": ""I chose Headline ID 1 because it effectively captures attention by highlighting the massive turnout in a significant climate event. It evokes a sense of community and urgency, encouraging readers to learn more about the scale and impact of the climate march, making it highly engaging while still being informative."",\n    ""next_action"": ""final_answer""\n}\n```'}",1
544901dd6f0fb3b3ce000053,False,"{'Headline ID': 1, 'Explanation': 'I chose this headline because it captures the emotional weight of the content while providing a personal connection through Demi Lovato. It creates a sense of urgency and curiosity by mentioning that she was overwhelmed, leading to raw truth that invites readers to learn more about personal struggles, making it engaging and informative.'}",0
518a4b21ae53b72126004995,,"{'title': 'Final Answer (JSON DECODING ERROR)', 'content': '```json\n{\n    ""Headline ID"": 1,\n    ""Explanation"": ""I chose Headline ID 1 because it effectively combines visual attraction and emotional engagement while hinting at the profound nature of the content. The phrase \'his words might be hard to hear\' suggests depth and challenge, enticing readers who seek substantive commentary. Additionally, it conveys a sense of intrigue, making people more inclined to click to discover more about what the actor has to say. This balance of allure and substance is crucial for generating clicks while accurately representing the article\'s content.""\n}\n```'}",0
51d1f7d4934a19cafc000f92,,"{'title': 'Final Answer (JSON DECODING ERROR)', 'content': '```json\n{\n    ""Headline ID"": 1,\n    ""Explanation"": ""I chose this headline because it effectively captivates the reader\'s attention by presenting an unexpected emotional experience tied to a serious topic. It combines clarity and engagement by implying a transformative moment in the narrative, which encourages curiosity about how the reading of the death notice unfolds. This emotional connection is likely to resonate with a wide audience, making it more compelling for clicks.""\n}\n```'}",0
54288b2eadfe30de19000026,False,"{'Headline ID': 4, 'Explanation': ""I chose Headline ID 4 ('From race relations to financial institutions to education, he's covering it ALL.') because it addresses a wide range of critical societal issues, making it highly relevant and engaging for a broader audience. Its promise of comprehensive coverage suggests depth and importance, which are likely to resonate well with readers interested in social justice and current affairs.""}",0
5473abad109cd638e1000041,,"{'title': 'Final Answer (JSON DECODING ERROR)', 'content': '```json\n{\n    ""Headline ID"": 4,\n    ""Explanation"": ""I chose Headline ID: 4 (\'Meet The Girl Who\'s Left To Deal With Decades Of Built-Up Hostility And Prejudice.\') because it effectively combines strong emotional engagement with relevance to significant societal issues. This headline is likely to resonate with readers interested in social justice topics, making it compelling and informative, which will encourage clicks.""\n}\n```'}",3
5501eb5a6238300024e20000,,"{'title': 'Final Answer (JSON DECODING ERROR)', 'content': '```json\n{\n    ""Headline ID"": 0,\n    ""Explanation"": ""The chosen headline, \'What could possibly convince a 9-year-old to sell ALL her toys? After hearing how she spent her 9th birthday, it\'s no wonder she\'s being recognized globally. It takes some folks a lifetime to figure out what she learned as a kid. Now she\'s unstoppable,\' effectively combines emotional appeal and curiosity. It poses a direct question that ignites curiosity and hints at an inspirational story that readers may find heartwarming, encouraging them to click to learn more about this impressive child and her motivations.""\n}\n```'}",0
5203183efc791c985d0042e8,,"{'title': 'Final Answer (JSON DECODING ERROR)', 'content': '```json\n{\n    ""title"": ""Final Decision"",\n    ""content"": ""Based on the evaluations of emotional impact and informativeness, the most effective headline is ID 2: \'Press play. Within 4 minutes you\'ll understand why almost everyone you know is drowning in debt. John Oliver Tears Into The Awful Folks Behind 1 Of The Biggest Scams In The World, Student Loans.\' This headline effectively combines relevance, humor, and serious subject matter, making it engaging and informative, which is essential for enticing readers."",\n    ""next_action"": ""final_answer""\n}\n```'}",0
523cae6756a48bdbff0007b4,,"{'title': 'Final Answer (JSON DECODING ERROR)', 'content': '```json\n{\n    ""Headline ID"": 4,\n    ""Explanation"": ""I chose Headline 4: \'From race relations to financial institutions to education, he\'s covering it ALL.\' because it is highly informative and covers a broad spectrum of important topics. It provides clarity about the article\'s content and demonstrates emotional engagement by appealing to readers interested in social issues. The headline effectively combines depth with relatability, making it compelling for a wide audience.""\n}\n```'}",3
526afc5188a34deaea00404b,,"{'title': 'Final Answer (JSON DECODING ERROR)', 'content': '```json\n{\n    ""headline_id"": 1,\n    ""explanation"": ""I chose the headline \'2 Minutes In, Even Demi Lovato Was Overwhelmed. Then 10 Minutes Of Raw Real Truth Came Out\' because it effectively combines emotional resonance and a teaser of substantial content. This draws on the popularity of Demi Lovato, making it relatable and intriguing, which can result in higher click-through rates. The emotional appeal and promise of revealing insights create curiosity, fulfilling the objective of engaging readers.”\n}\n```'}",4
5281a1524140c8576d002461,,"{'title': 'Final Answer (JSON DECODING ERROR)', 'content': '```json\n{\n    ""Headline ID"": 0,\n    ""Explanation"": ""I chose ID: 0 from the COVID set: \'Press play. Within 4 minutes you\'ll understand why almost everyone you know is drowning in debt.\' This headline effectively combines urgency and clarity about the content, and it promises valuable insights which make it highly relatable to many readers. It encourages immediate engagement and creates a strong potential for clicks by addressing a common concern in today\'s context.""\n}\n```'}",2
529e716fc39df108c600015b,,"{'title': 'Final Answer (JSON DECODING ERROR)', 'content': '```json\n{\n    ""title"": ""Final Answer"",\n    ""content"": ""Headline ID: 0. This headline discusses a man\'s journey from committing a crime to finding redemption, making it emotionally impactful and compelling for readers."",\n    ""next_action"": ""final_answer""\n}\n```'}",3
