54aeb5b163316300127e0000,False,"Headline ID: 4  
Explanation: This headline is the most effective at getting readers to click on the article because it combines emotional appeal with a personal touch. The phrases ""Beautiful, Moving, And Kleenex-Worthy"" directly evoke a sense of emotion and anticipation, prompting curiosity. Additionally, the mention that the author typically dislikes yearly recap videos but finds this one unique creates intrigue and makes it more relatable. This headline effectively balances engagement and informative content, making it likely to attract clicks.",3
54dfe3953063630028000000,False,"Headline ID: 1  
Explanation: This headline is the most effective because it directly conveys the dramatic twist of the dog's fate, capturing the reader's attention by suggesting a life-or-death situation that is resolved unexpectedly. The phrase ""they were going to kill this doggie"" emphasizes the urgency and stakes involved, which is likely to entice readers to click and learn more about this heartwarming transformation.",3
54f61445663432000c200100,False,"Headline ID: 4  
Explanation: I chose this headline because it combines the elements of intrigue and emotional appeal. The phrase ""This is what guts looks like"" is attention-grabbing and suggests a strong, empowering narrative. It highlights the bravery of the individual who released the documentary despite the risk of censorship, which can entice readers to learn more about the story. The mention of a viral documentary adds to its relevance and potential impact, making it likely to engage a wider audience.",1
55243cca346531001c9e0000,False,"Headline ID: 2  
Explanation: This headline is the most effective because it not only introduces Henry Rollins and his appeal to youth but also provides context for readers who may not be familiar with him. It offers an enticing hook by suggesting that the article will enhance the reader's understanding of Rollins' past work, potentially drawing in both fans and newcomers. This dual appeal contributes to its ability to engage a broader audience.",5
5526ca16646532001cfc0000,False,"Headline ID: 1  
Explanation: This headline is the most effective because it combines a heartwarming narrative about a community coming together with an engaging phrase (""This is beautiful"") that evokes an emotional response. The use of the word ""beautiful"" adds a positive connotation and encourages readers to explore the story further, capturing both the essence of the article and the reader's curiosity.",5
552c3316626562000c4b0100,False,"Headline ID: 3  
Explanation: This headline is the most effective because it presents a thought-provoking question that engages the reader's curiosity. The phrasing ""defeat an enemy or gain an ally?"" implies an emotional and strategic decision in discussions, especially regarding a contentious issue like climate change. It invites readers to reflect on their own approaches to dialogue and persuasion, which likely increases their interest in reading the article for insights and strategies.",2
51655f47e8f2ae00020059ac,False,"Headline ID: 3  
Explanation: This headline is the most effective because it combines an attention-grabbing exclamation with a striking contrast, highlighting the challenges of winter sports in a politically complex environment. By mentioning ""Skiing Around The Taliban"" and specifying ""An Afghan girl,"" it draws in readers with its unique perspective and personal narrative, making them curious about the experiences of women in Afghanistan. Additionally, it encapsulates both the unique element of the ski culture in Afghanistan and the story's deeper social context, enticing readers to click for more insight.",1
54db8fd9366238000cbe0000,False,"Headline ID: 1  
Explanation: This headline stands out as the most engaging and thought-provoking because it not only presents the tragic news about the students but also poses an intriguing question that prompts readers to think critically about the differences in media coverage and societal responses. The juxtaposition with Paris adds an element of urgency and relevance, likely enticing readers to click to understand the implications behind the phrasing.",3
533ad7f9782bd79b4800003f,False,"Headline ID: 2  
Explanation: This headline is the most effective because it uses the term ""Freeloaders,"" which immediately signifies the theme of the article regarding individuals who avoid paying their way. It also poses a provocative question about ""heading to your state next,"" which can entice readers to learn more about the potential impacts and implications of freeloading in their own communities. This combination of directness and intrigue is likely to grab attention and drive clicks.",3
5345cd2a1ab01221a3000040,True,"Headline ID: 3  
Explanation: This headline is the most effective because it draws a strong connection between two seemingly unrelated topics—marathon running and discrimination. It challenges the reader's perspective by suggesting that what is unacceptable in one context (cheating in a race) can be overlooked in another (real-life discrimination). This juxtaposition intrigues the reader and compels them to click to understand the nuances of the argument being presented in the article. Additionally, the phrasing is provocative, which further enhances its clickability.",3
534de995fcf40f3c9800006a,False,"Headline ID: 1  
Explanation: This headline is the most engaging because it poses a direct question to the reader, prompting them to consider their personal experience with taxes and how those taxes contribute to public services. It creates a sense of curiosity about the value of their tax contributions, which can encourage clicks as readers want to learn more about what their money supports. The phrasing also implies a broader societal context, making it relevant and appealing to a wide audience.",2
53caa3a795d97d87cf00000a,True,"Headline ID: 3  
Explanation: I chose this headline because it specifically mentions a ""Graph,"" which implies that it contains visual data that could enhance the reader's understanding of climate change. Visual elements tend to attract more clicks, and the mention of a graph suggests that the article is not only informative but also provides clear and persuasive evidence. This makes it more likely to catch the attention of readers who are unsure about climate change and are looking for concrete information.",3
542c7d93615409973e000072,False,"Headline ID: 4  
Explanation: This headline is the most effective because it combines urgency (""May Be On The Brink Of Catastrophe"") with a strong visual appeal (""Staggering Photos"") that can captivate readers. It provides clear information about the content, indicating that the article will present evidence related to a global issue, which is likely to be both compelling and relevant to a wide audience. The phrasing also elicits curiosity, making readers more inclined to click to learn more.",5
5424287c996e90efa6000036,False,"Headline ID: 4  
Explanation: This headline effectively combines a compelling narrative with emotional appeal, showcasing the impact of a mother’s speech on a large audience of world leaders. It emphasizes the moment of applause, which creates intrigue and encourages readers to learn more about the speech that elicited such a powerful reaction. The mention of ""over 100 world leaders"" adds significance and scale, making it an attention-grabbing choice that accurately reflects the article's content.",6
541340b6e1fd526675000005,False,"Headline ID: 3  
Explanation: This headline effectively captures attention by linking the popular and relevant topic of climate change with a futuristic notion of exploring outer space, which sparks curiosity. It suggests an innovative solution to a pressing global issue while also hinting at the involvement of a known figure (""The Science Guy""), making it intriguing for readers interested in science and environmental discussions. This dual focus on a contemporary problem and an exciting field of exploration makes it more likely to elicit clicks compared to the other headlines.",1
535dcd2f786e4fdd5100002a,False,"Headline ID: 1  
Explanation: This headline effectively captures attention by posing a question that piques curiosity about the unusual comparison between breast implants and adoption. The phrase ""The answer is really funny"" suggests that readers can expect humor in the article, making it more enticing for those looking for light-hearted content. It also leads readers to anticipate a unique perspective, which enhances its potential to encourage clicks.",0
5370f27590e652ad9300003d,False,"Headline ID: 1  
Explanation: I chose this headline because it highlights a personal struggle and the courage to speak out, which is relatable and intriguing to readers. The mention of friends warning her about her career adds an element of drama and conflict, making it likely to resonate with those who face similar challenges. Moreover, the phrase “She Went Ahead And Said It Anyway” implies a bold action that may lead to an inspiring story, enticing readers to click for more details.",0
5282632083121c4e7e00961f,False,"Headline ID: 3  
Explanation: This headline effectively combines intrigue and depth, presenting the duality of the subject as both a blessing and a curse. The addition of ""But It Doesn't Have To Be"" offers a sense of hope and suggests a solution or a way forward, which can entice readers to click to find out more about the context and potential remedies. It generates curiosity while accurately summarizing the article’s content, drawing readers in with the promise of a discussion around overcoming these struggles.",2
53c8ac28785a663425000013,False,"Headline ID: 1  
Explanation: This headline effectively piques curiosity by implying a contrast between the girl's appearance and her experience of the previous night. It also highlights an emotional element, prompting readers to wonder about her story and what might have led to her seemingly exhausted look. This mix of intrigue and relatability makes it more likely to attract clicks.",2
53f776d915ec7dfcf3000024,False,"Headline ID: 1  
Explanation: This headline is the most effective at grabbing attention because it highlights an emotional turning point for the character involved—an awakening moment in a parent's life. It suggests a dramatic narrative that readers would find compelling, as it mixes relief and fear, prompting curiosity about the unfolding story. The inclusion of a relatable theme of parental concern makes it even more appealing, enticing readers to click and learn more about the situation.",2
540a3fb82f301bd98a000028,True,"Headline ID: 4  
Explanation: This headline is the most effective at capturing reader attention because it is direct, contemporary, and reflects a cultural conversation about street harassment. It clearly sets the stage for a critical discussion about a controversial statement, while also hinting at a response from a popular media source, The Daily Show. The use of the phrase ""shuts that down"" conveys a sense of confrontation and resolution, encouraging readers to click for the full discussion.",4
53e3d1071f6df67d36000015,False,"Headline ID: 1  
Explanation: This headline effectively combines a modern context with a historical reference, making it relatable to a contemporary audience while also evoking a sense of nostalgia. The phrase ""Don Draper never had to deal with this nonsense"" adds a humorous touch, capturing attention and inviting readers to explore the article's content regarding the challenges faced by women in both the past and present. It's engaging and relatable, encouraging readers to click.",0
5491e66f30613405f8060000,False,"Headline ID: 0  
Explanation: This headline is engaging and informative as it presents a striking statistic—81 crimes with only one trial. It suggests a deeper analysis of the situation by hinting at commonalities among the suspects, which can intrigue readers looking for insights into systemic issues in the justice system. The phrase ""Here's What The Suspects Had In Common"" adds an element of curiosity, prompting readers to click to learn more about the underlying factors connecting these cases.",2
5499745436316300159a0000,False,"Headline ID: 2  
Explanation: This headline is engaging because it juxtaposes the fun aspect of the songs with a more thought-provoking interpretation that piques curiosity. The phrase ""until you listen a bit closer"" suggests that there are deeper meanings that may be surprising to the reader, enticing them to click to learn more.",0
549b080638616500180f0000,False,"Headline ID: 4  
Explanation: This headline is the most effective in capturing readers' attention as it suggests that the article will reveal information that is not being commonly discussed by public figures or mainstream media. Phrasing it as ""But here's what's really happening with the economy"" implies that the content will provide valuable insights or a different perspective, enticing readers who are seeking to understand the economic situation more deeply. The use of intrigue around more candid truths about the economy makes it more appealing compared to other options.",1
530f765b7d78947c5400001e,True,"Headline ID: 1  
Explanation: I chose this headline because it emphasizes the defiance of societal expectations, which adds a layer of intrigue and empowerment. The word ""awesome"" suggests positivity and inspires curiosity about the stories of these women. It strikes a balance between being engaging and informative, promising readers a narrative about bravery and breaking norms, which is likely to resonate with many potential readers.",1
53250a48ea5740c5d4000007,False,"Headline ID: 3  
Explanation: This headline is the most effective because it highlights the significance of the problem (""huge problem"") and emphasizes the unique solution offered by the protagonist (""did what no one else knew how to do""). The phrasing is powerful and suggests a compelling story of initiative and community impact, making it enticing for readers who are interested in stories of personal agency and community challenges. The use of ""she"" personalizes the story, potentially drawing in readers who enjoy narratives focused on individual actions leading to change.",0
5329c6bc5696642620000049,True,"Headline ID: 2  
Explanation: This headline is effective because it directly addresses men, inviting them to engage with a topic that often focuses on women. By suggesting that men can benefit from understanding women's experiences, it broadens the article's appeal and encourages a wider audience to click on it. The phrase ""this will open your eyes"" creates intrigue, which can further entice readers to learn more about the issues at hand.",2
5162f6f0f62aaf0002000efb,False,"Headline ID: 0  
Explanation: This headline is engaging and suggests a twist on traditional heroism by implying that the subject, a firefighter, is now facing challenges that are unseen (""something that’s totally invisible""). It piques curiosity about how this heroism manifests in a modern context, driving readers to learn more about the connection between feminism and firefighting, making it both informative and attention-grabbing.",2
51436087220cb800020009a9,False,"Headline ID: 2  
Explanation: This headline is the most effective at getting readers to click on the article because it intriguing and provocative. It presents a contrast between the past actions of the individuals referenced and their current situation, enticing readers to learn more about their transformation. The choice of words like ""awful"" and ""I'm So Glad They Didn't"" adds an emotional layer that appeals to readers' curiosity and compassion, making it likely to generate clicks.",0
54b54cbf626266628d120000,True,"Headline ID: 1  
Explanation: This headline is effective because it implies a positive perspective on a typically daunting topic—death—by suggesting that the speaker is capable of making the subject less frightening in just two minutes. The call to action, ""And We Could All Take A Listen,"" encourages curiosity and promotes engagement by inviting readers to discover what insights could alleviate their fears. Additionally, it hints at an approachable tone that makes a potentially heavy subject more accessible.",1
5410c4575856e96e0500005f,False,"Headline ID: 3  
Explanation: This headline is effective because it engages the reader with a question that encourages them to think and participate mentally. ""Can You Guess Why?"" adds an element of intrigue and invites curiosity, making readers more likely to click on the article to find out the answer. Additionally, the mention of a ""Video"" suggests that there is a visual element, which often draws in readers more than text alone.",1
54170c67f0fde2e1b2000063,False,"Headline ID: 1  
Explanation: This headline is the most effective because it combines an intriguing element with a clear message. The phrase ""It Might Feel Kinda Weird At First"" engages curiosity, while ""But It's Actually Really Good For You To *Be* With Yourself"" provides a positive affirmation that is inviting. The addition of ""Stop worrying and just be in the moment"" encourages readers to let go of their concerns, which can be appealing to those looking for self-help advice. Overall, it strikes a good balance between being engaging and informative, making it likely to entice readers to click on the article.",0
543d5ae5dd6e021068000030,True,"Headline ID: 2  
Explanation: This headline effectively outlines both the severity of the situation and offers a hint of optimism by promising ""the best ideas"" as a solution. It engages readers by acknowledging the crisis while also alluding to positive action, making it intriguing and likely to encourage clicks.",2
5446e3190b628c329e00001b,True,"Headline ID: 1  
Explanation: This headline is more effective because it emphasizes the positive aspect of the subject's experience and the reception by the audience. The phrase ""Her Voice Is Unpredictable But She's Not Embarrassed"" invites curiosity about the individual and their journey, while ""Neither Is Her Audience"" suggests a communal acceptance and admiration, which can intrigue readers. Additionally, the call to action ""Things that matter. Pass 'em on."" implies the message is worth sharing, enhancing engagement. Overall, it strikes a balance between being informative and attention-grabbing.",1
5443291ef6da8d937800000f,True,"Headline ID: 6  
Explanation: This headline effectively captures the emotions associated with the story while also signaling that it contains serious themes. By indicating that it may not be for the faint of heart, it prepares readers for the emotional weight of the content, making it intriguing and enticing them to click to learn more about the woman's experiences in her job.",6
514785988367b00002000a91,False,"Headline ID: 2  
Explanation: I chose headline ID 2 because it presents a clear and shocking narrative that highlights the severity of the issue — a survivor facing death threats. It is engaging and alarming, prompting readers to understand the aftermath of such traumatic events and the societal issues surrounding them. This headline is likely to provoke a strong emotional reaction, encouraging readers to click for more information.",3
5171cc40a507ae0002002eae,True,"Headline ID: 3  
Explanation: This headline is both engaging and informative. It emphasizes the context of a difficult week, which many readers can relate to, and highlights the comforting nature of Amy Poehler's advice. The use of ""warm, virtual hug"" adds an emotional appeal, making it more likely to attract readers seeking solace or positive content amidst challenging times.",3
51993e49b13c120018001ec4,False,"Headline ID: 2  
Explanation: This headline is the most effective because it clearly highlights Meryl Streep's commitment to a significant cause, specifically women's history, with the attention-grabbing detail of her donating a million dollars. It combines an engaging narrative about her character with a quantifiable action that adds depth and encourages readers to learn more about her involvement and the issue at hand. This makes it informative and likely to pique the interest of readers concerned about women's rights and philanthropy.",1
51c07617d0b04ebd53006324,False,"Headline ID: 2  
Explanation: I chose this headline because it effectively creates suspense and intrigue by suggesting a dramatic escalation. The phrase ""tension build to fever pitch"" is appealing and likely to draw readers in, as it hints at a compelling story or intense conflict ahead. It aligns well with the content of the accompanying text, prompting curiosity about the implications of the woman's choices and how they become relevant to everyone.",3
5216bcaa2f61d46eb4002fa2,False,"Headline ID: 2  
Explanation: This headline is the most engaging and attention-grabbing because it uses an exclamatory phrase (""What?!? My Jaw Dropped"") that conveys surprise and excitement. It also highlights the central theme of the article—producing a significant amount of light from a plastic bottle. This specific detail invites curiosity and encourages readers to click to find out how such a feat is accomplished. The use of a personal reaction adds an element of relatability and intrigue.",0
523779f663703d481200077d,False,"Headline ID: 1  
Explanation: This headline combines intrigue and humor by suggesting a surprising comparison between Justin Bieber and a 96-year-old heartthrob. The phrase ""Any Chance We Could Swap Out"" adds a playful tone that may engage readers' curiosity, making it more likely for them to click and discover the content. It effectively captures the theme of love while emphasizing an unexpected twist that stands out among the other options.",2
523f9ec8cbc2704574000c80,True,"Headline ID: 3  
Explanation: This headline is the most effective at grabbing attention due to its provocative nature, directly challenging the reader's emotions by highlighting income disparities and the potential impact on vulnerable populations. It uses rhetorical questions to evoke a sense of urgency and outrage, enticing readers to click and learn more about the issue at hand.",3
5240a74e4000b6002900bf46,True,"Headline ID: 3  
Explanation: This headline is likely to be the most effective at grabbing attention as it uses provocative language (""ignorant garbage"") and implies a critical examination of what kids are being taught in schools. By inviting readers to ""watch,"" it provides a visual element that may increase engagement. It sets up a curiosity gap, making readers want to learn more about the content being critiqued, which can lead to higher click-through rates.",3
5234bc234f5777c1bd004136,True,"Headline ID: 1  
Explanation: This headline effectively captures attention by invoking the well-known 'David and Goliath' metaphor, which resonates with readers. It sets the stage for a compelling narrative that viewers can relate to, especially in the context of underdogs standing up against larger opponents. Additionally, it builds intrigue regarding the conflict between workers and restaurant owners, prompting readers to want to learn more about the situation being described.",1
5272aaa7b3fa72187a001d14,True,"Headline ID: 3  
Explanation: This headline is the most effective because it directly addresses a highly relevant and sensitive issue—abortion—while also implying a dramatic encounter. The phrase ""Don't Ask Hilary Clinton About Abortion If You Can't Handle Her Answer"" not only captures attention but also sets up expectant readers for a conflict-filled response from a prominent political figure. This makes it engaging and informative, enticing readers to click through to learn more about the specifics of the interaction.",3
528f7bf942d802fe82002929,False,"Headline ID: 0  
Explanation: This headline is the most effective because it combines a strong emotional statement about Walmart's founder, which intrigues readers, with a surprising assertion about the company's status regarding welfare. The phrase ""rolling in his grave"" adds an element of drama and creates curiosity, while the contrast between being a major employer and having many employees on welfare invites readers to question the underlying implications. This combination makes it highly clickable.",3
52c344bd61c5029d9f000c57,False,"Headline ID: 2  
Explanation: I chose this headline because it is highly attention-grabbing and creates intrigue by claiming that it might be ""the single nerdiest rap of all time."" This unique description is likely to compel readers to click through, as it promises a blend of humor and an unusual topic that stands out from typical political discussions. The surprise element paired with the specificity of the content makes it more enticing than the other options.",1
52d4d5ca5f44e3370d002b17,False,"Headline ID: 3  
Explanation: This headline is effective because it suggests that Russell Brand's insights are fresh and informative, specifically focusing on what he has learned about a critical issue—drone strikes. The phrase ""Here's What He Said"" invites curiosity and encourages readers to click to discover Brand's perspective. It is engaging, informative, and directly highlights the human consequences implicit in the topic, which can resonate with a wider audience.",0
52d766a4b487053472000ceb,False,"Headline ID: 3  
Explanation: This headline is engaging and thought-provoking, as it raises a question about the current status of the war on poverty instigated 50 years ago. By suggesting a connection between past efforts and present conditions, it invites readers to reflect and analyze, which can entice them into clicking to learn more about the outcomes of those initiatives and whether they have been successful or not. The phrasing implies a narrative of continuity, adding urgency and relevance to the topic.",1
