54aeb5b163316300127e0000,False,"Headline ID: 2  
Explanation: I chose Headline ID 2 because it is highly engaging and emotionally evocative. The words ""Beautiful,"" ""Moving,"" and ""Kleenex-Worthy"" immediately grab the reader's attention by suggesting a profound emotional experience. Additionally, mentioning that the author ""Usually Hate[s] Yearly Recap Videos But This One's Different"" piques curiosity, encouraging readers who might typically ignore such content to click and find out what makes this video exceptional. This headline accurately represents the article's content by setting the expectation of an impactful recap video that stands out from the rest.",4
54dfe3953063630028000000,False,"Headline ID: 3  
Explanation: I chose headline ID 3 because it is the most attention-grabbing and provocative of the options provided. The headline ""They were going to kill this doggie. Instead they sent her to prison."" immediately evokes strong emotions and piques curiosity. It presents a dramatic contrast that makes readers want to learn more about the story behind these surprising actions. By highlighting the dog's dire situation and the unexpected twist of being sent to prison, it creates a compelling narrative hook. This headline is likely to entice readers to click on the article to uncover the full story, making it the most effective choice for engaging the audience.",0
54f61445663432000c200100,False,"Headline ID: 3  
Explanation: I chose this headline because the final line, ""This is what guts looks like,"" adds a powerful and emotionally charged statement that emphasizes the bravery and courage involved in releasing the documentary despite the risk of censorship. This strong phrasing is likely to grab readers' attention and evoke curiosity about the individual's actions and the content of the documentary. By highlighting the element of courage, the headline becomes more engaging and compelling, increasing the likelihood that readers will click on the article to learn more.",0
55243cca346531001c9e0000,False,"Headline ID: 4  
Explanation: I chose Headline ID 4 because the line ""He's still punk. Just without the band. And the music."" is concise, intriguing, and attention-grabbing. It creates a sense of curiosity by highlighting a contrast between Henry Rollins' punk past and his current endeavors. This headline effectively entices readers to click on the article to discover how he continues to embody the punk spirit in a new and unexpected way. It appeals to both longtime fans interested in his evolution and new readers drawn by the intriguing paradox, making it an effective choice for maximizing engagement.",5
5526ca16646532001cfc0000,False,"Headline ID: 6
Explanation: This headline is the most effective because it plays on the familiar proverb ""It takes a village,"" adding a twist with ""And a neighborhood."" This clever wordplay grabs attention and piques curiosity, encouraging readers to click to learn more about how one person's actions united a community. It suggests a heartwarming story about collective effort and community spirit, which can be highly appealing to readers. In contrast, the other headlines end with generic exclamations that are less engaging and provide little incentive for readers to click on the article.",1
552c3316626562000c4b0100,False,"Headline ID: 2  
Explanation: I chose this headline because it effectively grabs the reader's attention by hinting at a particularly valuable piece of information—step #3—that can help them ""keep your sanity"" during tough discussions. This creates curiosity and encourages readers to click to find out more. Highlighting a specific step that offers a significant benefit makes the headline more engaging and enticing compared to the others.",0
51655f47e8f2ae00020059ac,False,"Headline ID: 3  
Explanation:  
I chose Headline ID 3 because it is both engaging and informative while accurately representing the content of the article. The main headline, ""The most beautiful ski festival you've never heard of,"" immediately captures the reader's attention by highlighting something extraordinary yet unknown to most people. It piques curiosity and encourages readers to learn more.

The subheadline, ""Wow! Check Out One Of Afghanistan’s Best Kept Secrets,"" adds an element of surprise by revealing that this beautiful ski festival is located in Afghanistan—a place not commonly associated with skiing or festivals in the public mind. This unexpected twist enhances the intrigue, making readers more likely to click to discover more about this secret gem.

Overall, this headline combination effectively entices readers by promising fascinating and uplifting content about an unusual subject, fulfilling the goal of engaging the audience and encouraging them to read the article.",2
54db8fd9366238000cbe0000,False,"Headline ID: 3  
Explanation: I chose Headline ID 3 because it poses a compelling question that connects the tragic event in Chapel Hill to a notable incident in Paris. The reference to ""One missing word"" creates a sense of intrigue and prompts readers to wonder about the word in question and how it relates to the media's coverage of both events. This headline is likely to grab attention and encourage readers to click on the article to uncover the comparison and understand the underlying message.",2
533ad7f9782bd79b4800003f,False,"Headline ID: 0
Explanation: This headline is the most effective because it is attention-grabbing and poses a provocative question that creates urgency. The use of the word ""Freeloaders"" is bold and likely to elicit curiosity or concern from readers. By asking ""Heading to your state next?"", it personalizes the issue and encourages readers to click to find out more. It accurately represents the content of the article, which discusses individuals who try to avoid paying their own way despite having the means, as indicated by the subheading.",1
5345cd2a1ab01221a3000040,False,"Headline ID: 1  
Explanation: I chose headline ID 1 because it is both attention-grabbing and thought-provoking. The headline uses the metaphor of a marathon and a ""400 Year Head Start"" to highlight historical inequalities and systemic advantages. This compelling comparison piques readers' curiosity and encourages them to click on the article to understand the context. Additionally, the headline accurately represents the article's content by addressing issues of discrimination and long-standing societal disparities. Its engaging wording makes it effective in enticing readers to learn more.",0
534de995fcf40f3c9800006a,True,"Headline ID: 1

Explanation: I chose Headline ID 1 because it poses a direct and personal question that is likely to capture the reader's attention. By asking ""How Much Time Do You Spend At Work Just To Pay Taxes?"", the headline engages readers by prompting them to reflect on their own situation. This creates curiosity and encourages them to click on the article to learn more. The headline is engaging, thought-provoking, and accurately represents the content of the article, making it effective in enticing readers.",1
53caa3a795d97d87cf00000a,True,"Headline ID: 4
Explanation: This headline is more effective because it specifies that there's ""A Graph"" that will give a nudge to someone unsure about climate change. Mentioning a graph suggests concrete evidence or compelling data, which can intrigue readers more than the vague ""Something"" in the other headlines. The specificity makes it more attention-grabbing and increases the likelihood that readers will click to see the persuasive graph.",4
542c7d93615409973e000072,False,"Headline ID: 5  
Explanation: I chose Headline ID 5 because it is concise, impactful, and engaging. The headline is split into two sentences, which creates a dramatic pause and emphasizes the urgency of the topic. The first sentence, ""The World Might Be On The Brink Of Catastrophe,"" immediately captures the reader's attention by suggesting a global crisis. The second sentence, ""Here's The Staggering Evidence,"" piques curiosity and entices readers to click to see the compelling proof. Using words like ""staggering"" and ""catastrophe"" heightens the emotional appeal, making it more likely that readers will be intrigued enough to read the full article.",1
5424287c996e90efa6000036,False,"Headline ID: 2

Explanation: I chose Headline ID 2 because it is engaging and creates a strong emotional appeal by highlighting a mother's speech about her baby that moved over 100 world leaders to a standing ovation. This headline is likely to intrigue readers and entice them to click on the article to find out what she said that had such a profound impact on world leaders.",3
541340b6e1fd526675000005,False,"Headline ID: 3  
Explanation: This headline is attention-grabbing and provocative, as it directly challenges conspiracy theories—a topic that generates significant interest and debate. By stating ""Now I know why conspiracy theories are the lazy way out,"" it piques readers' curiosity about the reasoning behind this bold claim. It entices them to click to find out more about the perspective being presented. Furthermore, it aligns with the article's content about ""The Science Guy"" confronting bullies, potentially those promoting misinformation, thus accurately representing the article while promising an engaging read.",4
535dcd2f786e4fdd5100002a,False,"Headline ID: 1  
Explanation: I chose Headline ID 1 because it poses an intriguing question that piques readers' curiosity: ""What do breast implants and adoption have in common?"" By hinting that the answer is ""really funny,"" it promises both humor and surprise, encouraging readers to click to discover the unexpected connection. This headline is attention-grabbing, directly related to the article's content, and likely to engage a wide audience.",2
5370f27590e652ad9300003d,False,"Headline ID: 1  
Explanation: The headline in ID 1 is more effective at grabbing readers' attention and enticing them to click on the article. It creates a strong sense of curiosity by mentioning that ""Her Friends Said She'd Ruin Her Career If She Talked About This,"" without revealing what ""This"" refers to. The use of suspense prompts readers to find out what she talked about and why it was considered career-threatening. Additionally, the element of defiance—""She Went Ahead And Said It Anyway""—suggests a bold action against conventional advice, which can be intriguing to readers looking for inspiring or controversial stories.",0
5282632083121c4e7e00961f,False,"Headline ID: 2
Explanation: This headline is the most effective at engaging readers and encouraging clicks because it includes a strong call to action with ""MUST WATCH,"" which immediately grabs attention. The contrast between the commonly held belief that childbirth is ""The Miracle Of Life"" and the notion that for some it is ""More Like An Inescapable Curse"" creates intrigue and emotional impact. This headline effectively piques curiosity by hinting at a compelling and possibly untold story, prompting readers to click to learn more.",3
53c8ac28785a663425000013,False,"Headline ID: 3  
Explanation: I chose headline ID 3 because it is engaging and creates intrigue by mentioning that ""the dark circles under her eyes aren't from 'partying hard'."" This suggests there's a deeper story behind her appearance, which would entice readers to click to find out more. The headline accurately represents the content by connecting her physical state with the mystery of why her dress didn't look the same the next day, making it both attention-grabbing and informative.",0
53f776d915ec7dfcf3000024,False,"Headline ID: 1
Explanation: I chose headline ID 1 because it adds an emotionally charged and intriguing element to the main headline. The line ""His mom got the most frightening, relieving, and awakening phone call of her life."" evokes a strong sense of curiosity and concern, making readers wonder what could have led to such a complex mix of emotions. This combination of fear, relief, and awakening suggests a dramatic event with significant impact, which is likely to engage readers and encourage them to click on the article to learn more about the story.",0
540a3fb82f301bd98a000028,False,"Headline ID: 0  
Explanation: I chose this headline because it is informative and attention-grabbing. It accurately reflects the content of the article by mentioning The Daily Show's take on why cat-calling female senators is inappropriate. This headline is likely to engage readers who are interested in current events, gender issues, and political commentary. It piques curiosity by highlighting a specific scenario involving public figures, encouraging readers to click to learn more about the situation and The Daily Show's perspective.",6
53e3d1071f6df67d36000015,True,"Headline ID: 4
Explanation: This headline is the most effective because it mentions Christina Hendricks by name, making it more personal and immediately recognizable to fans of ""Mad Men"" and her work. By stating that she ""sends a valuable message to people who think that things were only messed up back in the day,"" it hints at a meaningful and timely commentary, engaging readers who are interested in social issues and gender equality. The combination of a familiar face delivering a significant message creates curiosity and encourages readers to click on the article to learn more. Additionally, it accurately represents the content by highlighting both the reenactment of 1960s workplace dynamics and their relevance today.",4
5491e66f30613405f8060000,False,"Headline ID: 2  
Explanation: This headline combines a gripping statement with an intriguing question. The initial sentence creates suspense by highlighting a crime committed multiple times but rarely brought to trial, prompting readers to wonder why. Adding the question ""What's the difference between a 'grand jury' and a 'trial jury'?"" piques curiosity further by suggesting the article will reveal interesting legal insights. This combination entices readers who are interested in crime stories and those curious about the legal system, making it more likely they will click to learn more.",1
5499745436316300159a0000,False,"Headline ID: 2

Explanation: I chose this headline because it combines a personal touch with a sense of intrigue, making it highly engaging for readers. The admission of ""I've danced to these songs too, but now I'm rethinking what they're really saying"" invites readers to reflect on their own experiences with these songs. It creates a connection by acknowledging a shared familiarity while also promising new, thought-provoking insights. This approach is likely to entice readers to click on the article to discover the hidden meanings behind songs they thought they knew well.",4
549b080638616500180f0000,False,"Headline ID: 1  
Explanation: I chose this headline because it is both engaging and informative, effectively capturing the reader's attention. The addition of ""The President won't say it. The news won't either. But here's what's really happening with the economy."" creates a sense of intrigue and suggests that the article contains important information that is not being discussed openly. This entices readers to click on the article to uncover the insights being withheld. It accurately represents the content by highlighting that there are revealing charts about the economy, and the phrase ""By Chart #6, I Was Pulling Out My Hair"" indicates that the information will be surprising or concerning, further motivating readers to learn more.",4
530f765b7d78947c5400001e,True,"Headline ID: 3  
Explanation: I chose this headline because it effectively captures attention by highlighting the courage and awesomeness of the women who defied societal expectations. It is engaging and informative, providing a clear idea of the article's content. The headline accurately represents the stories of women deemed unusual in their societies who are now celebrated for their bravery, which is likely to entice readers to click and learn more about them.",3
53250a48ea5740c5d4000007,False,"Headline ID: 2
Explanation: I chose Headline ID 2 because it effectively combines curiosity and impact to engage readers. Starting with ""A Young Woman"" personalizes the story and highlights the protagonist, making it more relatable and intriguing. The phrase ""Saw A Major Problem In Her Community"" indicates a significant issue, drawing attention to the importance of the story. Ending with ""Did Something No One Else Could"" emphasizes her unique action and capability, suggesting that she accomplished something extraordinary where others could not. This headline creates a strong curiosity gap, compelling readers to click and learn more about her remarkable achievement.",0
5329c6bc5696642620000049,False,"Headline ID: 3  
Explanation: I chose this headline because it's attention-grabbing and uses strong, relatable language that evokes emotion and urgency. The phrase ""we've got a lot of ass to kick for equality"" suggests that while progress has been made, there is still significant work to be done in achieving gender equality. This headline is likely to entice readers to click on the article to learn more about the challenges faced by women and girls worldwide. It accurately represents the content by addressing the ongoing struggles and motivates readers to engage with the topic.",0
5162f6f0f62aaf0002000efb,False,"Headline ID: 1  
Explanation: I chose this headline because it piques curiosity by asking how a firefighter can fight something ""totally invisible,"" which is intriguing and unusual. It suggests a unique challenge that readers will want to learn more about. Additionally, stating that ""She's becoming a new kind of hero now"" adds an inspiring element that can attract readers' interest and encourage them to click on the article.",2
51436087220cb800020009a9,True,"Headline ID: 2

Explanation: I chose Headline ID 2 because it is both attention-grabbing and informative. By mentioning ""One Of The Most Unique Attempts At Suicide Prevention Is Also Totally Beautiful,"" the headline clearly indicates the article's focus on a distinctive and positive approach to a serious topic. This not only piques the reader's curiosity but also assures them that the content will be meaningful and uplifting. The combination of a significant social issue with a hint of beauty makes it compelling and likely to entice readers to click and learn more.",2
54b54cbf626266628d120000,False,"Headline ID: 3  
Explanation: I chose Headline ID 3 because it combines intrigue with emotional resonance, which can be highly effective in capturing readers' attention. The headline ""He Talks About Death For 2 Minutes, And I Want To Hug Him So Hard"" hints at a powerful message delivered in a brief time, sparking curiosity about what was said. The personal reaction—wanting to ""hug him so hard""—suggests that the content is not only informative but also deeply moving. This emotional appeal can entice readers who are interested in heartfelt stories that offer comfort or new perspectives on difficult topics like death. Additionally, the headline is relatable and invites readers to experience the same emotional journey, increasing the likelihood that they will click on the article.",0
5410c4575856e96e0500005f,False,"Headline ID: 4  
Explanation: I chose this headline because it directly engages the reader with a question—""Can You Guess Why?""—which piques curiosity and encourages them to click to find out the answer. It is both attention-grabbing and informative, as it mentions that the video is broken on purpose, accurately representing the article's content while enticing readers to learn more.",0
54170c67f0fde2e1b2000063,False,"Headline ID: 2  
Explanation: I chose Headline ID 2 because the phrase ""Stop worrying and just let it be"" is both attention-grabbing and relatable. The use of the well-known expression ""let it be"" resonates with a broad audience and evokes curiosity. It encourages readers to reflect on their own habits of overthinking and offers a sense of relief or solution. This headline is likely to entice readers to click on the article to learn more about embracing the moment and reducing worry in their lives.",4
543d5ae5dd6e021068000030,False,"Headline ID: 2  
Explanation: This headline is the most effective because it combines a recognizable figure, Morgan Freeman, discussing a serious and mysterious situation. The added line about the dinosaurs' extinction 65 million years ago creates a sense of urgency and intrigue by drawing a parallel between past and potential future crises. It hints at a significant threat that we might be misunderstanding, which is attention-grabbing and likely to entice readers to click to learn more.",0
5446e3190b628c329e00001b,False,"Headline ID: 1

Explanation: I chose this headline because it is both attention-grabbing and conveys a clear, positive message that is likely to entice readers. The headline ""Positivity. It's catching on."" is engaging and suggests that the article will share an uplifting story that could inspire others. The subheadline ""Her Voice Is Unpredictable But She's Not Embarrassed. In Fact, She's Proud."" highlights the subject's confidence and pride despite unpredictability, which piques curiosity. This combination effectively captures the essence of the article and encourages readers to click to learn more.",0
5443291ef6da8d937800000f,False,"Headline ID: 0  
Explanation: I chose headline ID 0 because its subheadline is highly attention-grabbing and evokes strong emotions. The mention of ""a cop using a young person's skull as a pencil holder"" is shocking and provocative, which piques curiosity and compels readers to learn more about the story. This vivid and unsettling image not only highlights the gravity of the woman's job but also underscores the reasons behind her actions, making it a powerful hook that is likely to entice readers to click on the article.",3
514785988367b00002000a91,False,"Headline ID: 0  
Explanation: This headline is clear, direct, and immediately conveys the shocking and unjust situation that the article covers—Jane Doe surviving rape only to receive death threats. It accurately represents the content while highlighting the outrage and disbelief that such a victim would face further harm. The straightforward language makes it easily understandable, and the stark contrast presented in the headline grabs attention and evokes an emotional response. This combination of clarity, accuracy, and emotional impact makes it highly effective at engaging readers and enticing them to click on the article.",2
5171cc40a507ae0002002eae,True,"Headline ID: 2  
Explanation: I chose headline ID 2 because it acknowledges the reader's emotional state by mentioning ""In A Week Filled With Tragedy,"" which makes it relatable and timely. It highlights that Amy Poehler offers advice for self-care, providing value to the reader. The phrase ""Like A Warm, Virtual Hug"" adds a comforting and inviting tone. This headline is engaging, informative, and likely to entice readers to click on the article.",2
51993e49b13c120018001ec4,False,"Headline ID: 3
Explanation: I chose Headline ID 3 because it is the most effective at engaging readers while providing clear and informative content. The headline ""Meryl Streep Is Serious About Women’s History. A Million Dollars Serious."" is attention-grabbing and piques interest by highlighting Meryl Streep's significant commitment to women's history through a million-dollar contribution. It accurately represents the article's content, informing readers about the subject matter without giving away all the details. This headline combines curiosity with substantial information, enticing readers to click on the article to learn more about her generous act.",0
51c07617d0b04ebd53006324,False,"Headline ID: 3  
Explanation: I chose this headline because it is intriguing and prompts curiosity. ""A story told in reverse to show backward thinking"" suggests a unique storytelling approach that challenges traditional perspectives. It aligns well with the article's focus on a woman's personal choices and the societal impact of what happens to her. This headline is likely to grab readers' attention and encourage them to click on the article to learn more about the compelling narrative.",1
5216bcaa2f61d46eb4002fa2,True,"Headline ID: 2  
Explanation: I chose this headline because it is both engaging and informative. By mentioning ""a plastic bottle,"" it provides specific details that pique the reader's curiosity about how light can be produced from such an everyday object without electricity. The phrase ""Yeah, I Didn't Believe It Either"" adds an element of surprise and relatability, encouraging readers to click on the article to learn more about this intriguing method.",2
523779f663703d481200077d,False,"Headline ID: 2  
Explanation: I chose this headline because it is highly attention-grabbing and creates curiosity by proposing the unexpected idea of replacing a contemporary pop star, Justin Bieber, with a 96-year-old ""heart-throb."" This intriguing juxtaposition piques readers' interest, compelling them to click to find out more about this remarkable individual and the story behind this bold statement. By combining familiarity with a popular figure and introducing an unusual twist, the headline effectively entices readers while promising an engaging and heartwarming article.",1
523f9ec8cbc2704574000c80,True,"Headline ID: 0  
Explanation: This headline is the most effective at grabbing readers' attention and enticing them to click on the article. It highlights a stark contrast between the high salaries of Congress members (""They make $174K/year in salary"") and their intent to ""take from those who can least afford it,"" which introduces a sense of injustice and urgency. The provocative question ""Mad yet?"" directly engages the reader's emotions, prompting them to reflect on their feelings toward the issue and motivating them to learn more. This combination of emotional appeal and a call to action makes the headline compelling and likely to generate clicks.",0
5240a74e4000b6002900bf46,False,"Headline ID: 1  
Explanation: I chose this headline because it creates a strong sense of curiosity and emotional engagement. By saying ""Please Resist The Urge To Yell At These Kids Until The End Of The Video,"" it piques the reader's interest about what the kids are saying that might be frustrating or provocative, and why it's important to watch until the end. This suspense encourages readers to click on the article to satisfy their curiosity, making it an effective and attention-grabbing headline.",0
5234bc234f5777c1bd004136,True,"Headline ID: 3  
Explanation: This headline is the most effective because it is attention-grabbing, informative, and accurately represents the article's content. By referencing the familiar ""David and Goliath"" story, it immediately signals an underdog tale where the less powerful overcome a formidable opponent. The twist that ""Goliath is a restaurant"" piques curiosity and directly relates to the article about restaurant workers standing up to their employers. This headline is likely to entice readers to click and learn more about how the workers triumphed over the restaurant owners.",3
5272aaa7b3fa72187a001d14,True,"Headline ID: 0  
Explanation: I chose this headline because it is both attention-grabbing and specific. By mentioning **Hillary Clinton** and **abortion**, the headline immediately informs readers about the key figures and topics in the article. Abortion is a highly debated and timely issue, and associating it with a prominent figure like Hillary Clinton increases the headline's appeal. The provocative phrase ""Don't Ask Hillary Clinton About Abortion If You Can't Handle Her Answer"" creates intrigue and suggests that her response was powerful or unexpected, which can entice readers to click to find out more. Additionally, the use of ""badassery"" in the subheading adds a tone of admiration and emphasizes her strong stance, further engaging potential readers.",0
528f7bf942d802fe82002929,False,"Headline ID: 2

Explanation: I chose headline ID 2 because it is the most attention-grabbing and likely to entice readers to click on the article. The phrase ""... Wait, What?!"" at the end adds an element of surprise and curiosity, prompting readers to seek more information about this unexpected situation. This headline effectively highlights the contradiction of a company being considered a success story despite having the most employees on welfare. By combining a shocking fact with an informal, conversational tone, it engages readers emotionally and piques their interest, making them more likely to click on the article to read further.",1
52c344bd61c5029d9f000c57,True,"Headline ID: 1
Explanation: This headline is both engaging and informative, accurately representing the content of the article. It highlights that the piece is an ""Awesome History Of Money In Politics"" delivered in ""Three Delightfully Nerdy Minutes,"" which emphasizes the unique and concise nature of the content. The use of positive and intriguing adjectives like ""awesome"" and ""delightfully nerdy"" grabs attention, while mentioning the specific topic of ""Money In Politics"" ensures readers know what to expect. This combination is likely to entice a wide range of readers to click on the article.",1
52d4d5ca5f44e3370d002b17,True,"Headline ID: 0  
Explanation:  
This headline is likely the most effective at attracting readers because it combines intrigue with a bold statement. The quote *""Even the name screams 'don't talk about it.'""* piques curiosity, prompting readers to wonder what topic is being referred to and why it's considered unmentionable. The subsequent line, *""Russell Brand Speaks Candidly About America's Habit Of Creating Terrorists,""* is provocative and challenges conventional narratives, which can draw in readers interested in controversial or candid discussions about U.S. foreign policy. Featuring a well-known figure like Russell Brand discussing a serious and contentious issue increases the headline's appeal, making readers more likely to click to hear his perspective.",0
52d766a4b487053472000ceb,False,"Headline ID: 2  
Explanation: I chose Headline ID 2 because it is both attention-grabbing and thought-provoking. The headline mentions a ""war started 50 years ago that continues today,"" which piques curiosity and prompts readers to wonder what war is being referenced. By asking the question ""Does that mean it failed?"" it engages readers to consider the effectiveness of this long-standing initiative. The combination of mystery and inquiry encourages readers to click on the article to learn more. Additionally, the headline aligns well with the subheadline about a president initiating something that worked, creating a compelling contrast that can draw readers in while accurately representing the article's content.",1
